Date,22__2022_TCD_Flow0_1,22__2022_TCD_Flow0_2,22__2022_TCD_Flow0_3,22__2022_TCD_Flow1,22__2022_TCD_Flow10,22__2022_TCD_Flow11,22__2022_TCD_Flow12,22__2022_TCD_Flow2,22__2022_TCD_Flow3,22__2022_TCD_Flow4,22__2022_TCD_Flow5,22__2022_TCD_Flow6,22__2022_TCD_Flow7,22__2022_TCD_Flow8,22__2022_TCD_Flow9
2022-03-10,9.32,9.32,9.32,9.32,9.32,9.32,9.32,9.32,9.32,9.32,9.32,9.32,9.32,9.32,9.32
2022-03-11,9.33,9.33,9.33,9.33,9.33,9.33,9.33,9.33,9.33,9.33,9.33,9.33,9.33,9.33,9.33
2022-03-12,9.44,9.44,9.44,9.44,9.44,9.44,9.44,9.44,9.44,9.44,9.44,9.44,9.44,9.44,9.44
2022-03-13,9.36,9.36,9.36,9.36,9.36,9.36,9.36,9.36,9.36,9.36,9.36,9.36,9.36,9.36,9.36
2022-03-14,9.36,9.36,9.36,9.36,9.36,9.36,9.36,9.36,9.36,9.36,9.36,9.36,9.36,9.36,9.36
2022-03-15,9.39,9.39,9.39,9.39,9.39,9.39,9.39,9.39,9.39,9.39,9.39,9.39,9.39,9.39,9.39
2022-03-16,9.35,9.35,9.35,9.35,9.35,9.35,9.35,9.35,9.35,9.35,9.35,9.35,9.35,9.35,9.35
2022-03-17,9.61,9.61,9.61,9.61,9.61,9.61,9.61,9.61,9.61,9.61,9.61,9.61,9.61,9.61,9.61
2022-03-18,9.47,9.47,9.47,9.47,9.47,9.47,9.47,9.47,9.47,9.47,9.47,9.47,9.47,9.47,9.47
2022-03-19,9.59,9.59,9.59,9.59,9.59,9.59,9.59,9.59,9.59,9.59,9.59,9.59,9.59,9.59,9.59
2022-03-20,9.53,9.53,9.53,9.53,9.53,9.53,9.53,9.53,9.53,9.53,9.53,9.53,9.53,9.53,9.53
2022-03-21,9.69,9.69,9.69,9.69,9.69,9.69,9.69,9.69,9.69,9.69,9.69,9.69,9.69,9.69,9.69
2022-03-22,9.73,9.73,9.73,9.73,9.73,9.73,9.73,9.73,9.73,9.73,9.73,9.73,9.73,9.73,9.73
2022-03-23,9.74,9.74,9.74,9.74,9.74,9.74,9.74,9.74,9.74,9.74,9.74,9.74,9.74,9.74,9.74
2022-03-24,9.71,9.71,9.71,9.71,9.71,9.71,9.71,9.71,9.71,9.71,9.71,9.71,9.71,9.71,9.71
2022-03-25,9.82,9.82,9.82,9.82,9.82,9.82,9.82,9.82,9.82,9.82,9.82,9.82,9.82,9.82,9.82
2022-03-26,9.82,9.82,9.82,9.82,9.82,9.82,9.82,9.82,9.82,9.82,9.82,9.82,9.82,9.82,9.82
2022-03-27,9.88,9.88,9.88,9.88,9.88,9.88,9.88,9.88,9.88,9.88,9.88,9.88,9.88,9.88,9.88
2022-03-28,9.89,9.89,9.89,9.89,9.89,9.89,9.89,9.89,9.89,9.89,9.89,9.89,9.89,9.89,9.89
2022-03-29,9.95,9.95,9.95,9.95,9.95,9.95,9.95,9.95,9.95,9.95,9.95,9.95,9.95,9.95,9.95
2022-03-30,9.88,9.88,9.88,9.88,9.88,9.88,9.88,9.88,9.88,9.88,9.88,9.88,9.88,9.88,9.88
2022-03-31,9.83,9.83,9.83,9.83,9.83,9.83,9.83,9.83,9.83,9.83,9.83,9.83,9.83,9.83,9.83
2022-04-01,9.84,9.84,9.84,9.84,9.84,9.84,9.84,9.84,9.84,9.84,9.84,9.84,9.84,9.84,9.84
2022-04-02,9.82,9.82,9.82,9.82,9.82,9.82,9.82,9.82,9.82,9.82,9.82,9.82,9.82,9.82,9.82
2022-04-03,10.0,10.0,10.0,10.0,10.0,10.0,10.0,10.0,10.0,10.0,10.0,10.0,10.0,10.0,10.0
2022-04-04,10.01,10.01,10.01,10.01,10.01,10.01,10.01,10.01,10.01,10.01,10.01,10.01,10.01,10.01,10.01
2022-04-05,9.93,9.93,9.93,9.93,9.93,9.93,9.93,9.93,9.93,9.93,9.93,9.93,9.93,9.93,9.93
2022-04-06,10.02,10.02,10.02,10.02,10.02,10.02,10.02,10.02,10.02,10.02,10.02,10.02,10.02,10.02,10.02
2022-04-07,10.0,10.0,10.0,10.0,10.0,10.0,10.0,10.0,10.0,10.0,10.0,10.0,10.0,10.0,10.0
2022-04-08,9.96,9.96,9.96,9.96,9.96,9.96,9.96,9.96,9.96,9.96,9.96,9.96,9.96,9.96,9.96
2022-04-09,10.09,10.09,10.09,10.09,10.09,10.09,10.09,10.09,10.09,10.09,10.09,10.09,10.09,10.09,10.09
2022-04-10,9.97,9.97,9.97,9.97,9.97,9.97,9.97,9.97,9.97,9.97,9.97,9.97,9.97,9.97,9.97
2022-04-11,10.09,10.09,10.09,10.09,10.09,10.09,10.09,10.09,10.09,10.09,10.09,10.09,10.09,10.09,10.09
2022-04-12,9.9,9.9,9.9,9.9,9.9,9.9,9.9,9.9,9.9,9.9,9.9,9.9,9.9,9.9,9.9
2022-04-13,10.29,10.29,10.29,10.29,10.29,10.29,10.29,10.29,10.29,10.29,10.29,10.29,10.29,10.29,10.29
2022-04-14,9.96,9.96,9.96,9.96,9.96,9.96,9.96,9.96,9.96,9.96,9.96,9.96,9.96,9.96,9.96
2022-04-15,10.03,10.03,10.03,10.03,10.03,10.03,10.03,10.03,10.03,10.03,10.03,10.03,10.03,10.03,10.03
2022-04-16,10.07,10.07,10.07,10.07,10.07,10.07,10.07,10.07,10.07,10.07,10.07,10.07,10.07,10.07,10.07
2022-04-17,10.07,10.07,10.07,10.07,10.07,10.07,10.07,10.07,10.07,10.07,10.07,10.07,10.07,10.07,10.07
2022-04-18,10.03,10.03,10.03,10.03,10.03,10.03,10.03,10.03,10.03,10.03,10.03,10.03,10.03,10.03,10.03
2022-04-19,10.02,10.02,10.02,10.02,10.02,10.02,10.02,10.02,10.02,10.02,10.02,10.02,10.02,10.02,10.02
2022-04-20,10.15,10.15,10.15,10.15,10.15,10.15,10.15,10.15,10.15,10.15,10.15,10.15,10.15,10.15,10.15
2022-04-21,10.03,10.03,10.03,10.03,10.03,10.03,10.03,10.03,10.03,10.03,10.03,10.03,10.03,10.03,10.03
2022-04-22,10.26,10.26,10.26,10.26,10.26,10.26,10.26,10.26,10.26,10.26,10.26,10.26,10.26,10.26,10.26
2022-04-23,10.15,10.15,10.15,10.15,10.15,10.15,10.15,10.15,10.15,10.15,10.15,10.15,10.15,10.15,10.15
2022-04-24,10.23,10.23,10.23,10.23,10.23,10.23,10.23,10.23,10.23,10.23,10.23,10.23,10.23,10.23,10.23
2022-04-25,10.2,10.2,10.2,10.2,10.2,10.2,10.2,10.2,10.2,10.2,10.2,10.2,10.2,10.2,10.2
2022-04-26,10.2,10.2,10.2,10.2,10.2,10.2,10.2,10.2,10.2,10.2,10.2,10.2,10.2,10.2,10.2
2022-04-27,10.08,10.08,10.08,10.08,10.08,10.08,10.08,10.08,10.08,10.08,10.08,10.08,10.08,10.08,10.08
2022-04-28,10.13,10.13,10.13,10.13,10.13,10.13,10.13,10.13,10.13,10.13,10.13,10.13,10.13,10.13,10.13
2022-04-29,10.21,10.21,10.21,10.21,10.21,10.21,10.21,10.21,10.21,10.21,10.21,10.21,10.21,10.21,10.21
2022-04-30,10.22,10.22,10.22,10.22,10.22,10.22,10.22,10.22,10.22,10.22,10.22,10.22,10.22,10.22,10.22
2022-05-01,10.31,10.26,10.26,10.536896551724139,11.37828685258964,11.017547169811321,10.838350612629595,10.433756432246998,10.381905435124096,10.796924137931033,10.601635556452427,10.51480285893811,11.079816120134847,10.805320351125012,10.675482680072264
2022-05-02,10.26,10.23,10.21,10.449147858129894,11.194712114233072,10.878526889314902,10.735546225082404,10.360013116738976,10.313341442360512,10.68568862275449,10.528598526889315,10.45557247116064,10.929622293873791,10.688614670568056,10.573360276230089
2022-05-03,10.320000000000002,10.3,10.27,10.561759557807463,11.38513588208199,11.01994854202401,10.852211583738814,10.437158712541619,10.393343011849641,10.81830492860433,10.650032287357481,10.547798006748803,11.100502072777523,10.820051457975985,10.693364984697482
2022-05-04,10.320000000000002,10.27,10.26,10.494799631506218,11.207322278519884,10.905671476137622,10.762213153351123,10.422869538896176,10.377785450835754,10.721340396130817,10.561455958026436,10.493350074550735,10.943532934131738,10.722897790333972,10.61669230165581
2022-05-05,10.3,10.28,10.27,10.529585444495625,11.336440964225394,10.984234688729693,10.827767226495054,10.430015134698818,10.388898218629835,10.77960847535698,10.614317425083241,10.523353213528997,11.063979732842009,10.791479164564624,10.670031389782627
2022-05-06,10.41,10.36,10.39,10.591321971441735,11.332101949946262,11.01995459590354,10.878879296813684,10.520013116738976,10.482230244055561,10.820036849378168,10.664313389163555,10.58779486777054,11.066144633809305,10.838614670568056,10.730026681315234
2022-05-07,10.34,10.31,10.3,10.530018424689082,11.28688162137264,10.9770961557865,10.82221236854497,10.462870547876097,10.425563838970415,10.776126209120221,10.611457975986278,10.543351644039866,11.015711653615845,10.781473110685097,10.683361060974654
2022-05-08,10.26,10.23,10.249999999999998,10.476107784431138,11.303830799938586,10.95709010190697,10.802211583738815,10.400015134698819,10.360009416934787,10.730912022109626,10.571459993946121,10.481130816919094,11.003979732842009,10.752906871153263,10.64003060503806
2022-05-09,10.48,10.47,10.47,10.688714877936436,11.452966374942424,11.118523862375136,10.98665672578873,10.608585410150338,10.570008632190223,10.916126209120222,10.788600544849157,10.696684454210155,11.181801013357902,10.92861769750782,10.84336184571922
2022-05-10,10.390000000000002,10.35,10.38,10.572192538000921,11.335576539229233,11.018523862375137,10.871101083032489,10.505727979013217,10.477786235580318,10.820474435743897,10.657172838260518,10.595574040649769,11.074845693228927,10.824331550802137,10.73669465588951
2022-05-11,10.25,10.22,10.26,10.452630124366653,11.334695224934745,10.959945515084248,10.798877727201381,10.3843012814045,10.361120615239738,10.712653155228006,10.557176874180206,10.493353213528998,11.000069092584063,10.750051457975985,10.646698579612337
2022-05-12,10.43,10.43,10.43,10.607844311377246,11.34949178565945,11.03995459590354,10.918879296813685,10.544299263444657,10.516675037275364,10.828733302625517,10.707170820300675,10.650017264380445,11.092233993551359,10.870045404096459,10.773361845719219
2022-05-13,10.34,10.32,10.36,10.570023030861355,11.466864732074315,11.084228634850167,10.919988227907707,10.505731005952981,10.471121399984304,10.851787194841085,10.671464029865806,10.607799576237936,11.1552924919392,10.877199071738472,10.776700933846033
2022-05-14,10.4,10.41,10.42,10.608714877936436,11.38035621065561,11.075665422258096,10.934434154763773,10.567156694581778,10.540008632190222,10.850474435743896,10.707172838260519,10.65557404064977,11.11136803316444,10.89147613762486,10.803362630463784
2022-05-15,10.38,10.36,10.39,10.596978350990327,11.469474896361126,11.112800928261526,10.945543870663945,10.53001614367874,10.505565408459546,10.861349608475358,10.690034305317324,10.618909989798322,11.146158452326118,10.895768338210068,10.790032959271757
2022-05-16,10.43,10.46,10.46,10.64436665131276,11.391661292799016,11.099951568963776,10.959989797520011,10.605727979013219,10.57889743388527,10.880474435743897,10.744315407123398,10.685574040649769,11.134845693228929,10.92147613762486,10.833362630463785
2022-05-17,10.38,10.37,10.41,10.590456011054814,11.459474896361124,11.107087074967207,10.945543870663945,10.5343012814045,10.513343011849642,10.864394288346384,10.705749167591565,10.643354783018127,11.136158452326118,10.891482191504387,10.796699364356904
2022-05-18,10.51,10.51,10.550000000000002,10.690018424689082,11.441661292799019,11.139951568963776,11.019989797520012,10.655727979013216,10.634452640665462,10.921777982496547,10.794315407123397,10.74557404064977,11.184845693228928,10.97147613762486,10.893362630463786
2022-05-19,10.390000000000002,10.41,10.42,10.599152464302165,11.494254567787504,11.135656341438805,10.988876942395226,10.5614448592473,10.546676606764498,10.881787194841088,10.734321461002926,10.68002197284784,11.191814831874712,10.937199071738473,10.840034528760892
2022-05-20,10.48,10.49,10.54,10.65567019806541,11.427746046368801,11.088523862375139,10.998878512007535,10.621441832307537,10.614452640665462,10.890474435743897,10.748600544849158,10.718906850820058,11.1318010133579,10.9329038442135,10.856695440634075
2022-05-21,10.59,10.63,10.64,10.853505297098113,11.929017349915554,11.509930380385429,11.334430230733009,10.782876601755625,10.79334536608334,11.178751727314602,11.020040359196852,10.950025111826102,11.518783970520497,11.231494299263444,11.143374401632268
2022-05-22,10.61,10.63,10.670000000000002,10.831326577614004,11.721644403500694,11.367084048027442,11.22221001412651,10.79287357481586,10.780010201679355,11.114831874712115,10.957178892140046,10.896689162677548,11.414859511745739,11.160057511855513,11.070035313505453
2022-05-23,10.38,10.41,10.45,10.617848917549516,11.527729157070473,11.175653314499039,11.034431800345313,10.5785884370901,10.583343796594209,10.900483648088436,10.750036323277167,10.708911559287454,11.214426531552279,10.962915951972555,10.873369693164875
2022-05-24,10.61,10.62,10.69,10.810456011054814,11.650779978504529,11.324228634850165,11.194432585151466,10.775729996973059,10.774454210154596,11.078742514970058,10.935749167591565,10.901132386408225,11.365725472132658,11.134340631621429,11.05670014910147
2022-05-25,10.459999999999999,10.5,10.54,10.68610778443114,11.545559649930908,11.209942488144483,11.07887694239523,10.6543012814045,10.65223181354469,10.944394288346384,10.815749167591566,10.783354783018128,11.226158452326118,10.991482191504389,10.916699364356901
2022-05-26,10.49,10.54,10.57,10.686540764624597,11.489915553508368,11.18137624861265,11.074433369957621,10.668585410150337,10.681119830495174,10.93656379548595,10.811459993946121,10.801130816919095,11.184412713035469,10.978620724447582,10.92003060503806
2022-05-27,10.459999999999999,10.5,10.57,10.670456011054814,11.544254567787503,11.211370194733123,11.08221001412651,10.647158712541621,10.654454210154595,10.937438968217412,10.808606598728685,10.78002197284784,11.209203132197146,10.990054484915749,10.923366554186615
2022-05-28,10.54,10.6,10.66,10.74436665131276,11.521220635651774,11.23851780849561,11.11887772720138,10.730014125718899,10.742231028800125,10.982215568862273,10.864317425083243,10.8455756101389,11.224412713035468,11.034334577741902,10.983364199952916
2022-05-29,10.49,10.51,10.59,10.690456011054817,11.52077997850453,11.214228634850166,11.088876942395228,10.66572999697306,10.673343011849644,10.941349608475356,10.810034305317325,10.791132386408224,11.23268079226163,11.01434063162143,10.943367338931179
2022-05-30,10.56,10.59,10.66,10.730888991248273,11.537305389221558,11.245659368378567,11.126655156176422,10.722871556856019,10.73445342541003,10.979608475356978,10.8628897184946,10.871130816919091,11.22397973284201,11.031479164564622,10.980031389782628
2022-05-31,10.470000000000002,10.53,10.61,10.689585444495625,11.528169814217717,11.191373221672889,11.076655156176422,10.670015134698819,10.690009416934787,10.945697835099033,10.812889718494601,10.797798006748804,11.206591432519575,10.997196044798708,10.946699364356903
2022-06-01,10.470000000000002,10.52,10.599999999999998,10.668281897742975,11.525559649930907,11.192800928261526,11.069988227907706,10.6543012814045,10.682231813544691,10.934394288346384,10.815749167591566,10.795577179628031,11.196158452326117,10.995768338210068,10.936700149101467
2022-06-02,10.48,10.51,10.599999999999998,10.682630124366652,11.508169814217718,11.199942488144485,11.093321299638989,10.66572999697306,10.685565408459547,10.930046061722708,10.807176874180206,10.79890998979832,11.225725472132659,10.998626778327111,10.953368123675745
2022-06-03,10.390000000000002,10.47,10.53,10.60654537079687,11.551203746353448,11.172794874381998,11.068876157589076,10.592874583795783,10.626677391509064,10.90092123445417,10.780036323277166,10.761133955897357,11.190948871487794,10.960060538795275,10.896704072824296
2022-06-04,10.44,10.5,10.57,10.644371257485032,11.543813910640258,11.212794874381999,11.086653586564118,10.65144586822722,10.666677391509063,10.913528327959463,10.80860861668853,10.78335635250726,11.227471211423309,11.015774392089597,10.936704072824297
2022-06-05,10.5,10.59,10.630000000000003,10.681759557807462,11.464695224934745,11.192800928261526,11.092210798932664,10.681443850267378,10.710009416934787,10.935697835099033,10.840032287357483,10.827798006748806,11.186591432519577,11.00576833821007,10.946700149101469
2022-06-06,10.459999999999999,10.54,10.61,10.662197144173193,11.553813910640258,11.234222580970636,11.128876157589076,10.661445868227222,10.695566193204112,10.929180101335788,10.840036323277166,10.83668916267755,11.230948871487794,11.020060538795276,10.966704072824298
2022-06-07,10.37,10.47,10.53,10.572197144173192,11.447729157070473,11.131367167793359,11.038876157589073,10.580017152658662,10.605566193204114,10.83918010133579,10.747178892140045,10.746689162677551,11.147904191616767,10.927202098678237,10.873370477909441
2022-06-08,10.459999999999999,10.55,10.62,10.667848917549518,11.52903423921388,11.222794874381998,11.116653586564116,10.668588437090103,10.70445499489916,10.920483648088439,10.822893754414288,10.844466766067645,11.227904191616767,11.021488245383916,10.963370477909443
2022-06-09,10.49,10.59,10.66,10.685674804237678,11.540339321357287,11.23565331449904,11.14554308585779,10.69715972152154,10.743343796594207,10.941787194841087,10.861464029865806,10.870021972847837,11.238337171810226,11.038629805266874,10.986703288079731
2022-06-10,10.57,10.63,10.73,10.746107784431139,11.556864732074315,11.287084048027442,11.18665437137027,10.7643012814045,10.804454210154594,10.990046061722708,10.907176874180204,10.911132386408225,11.275725472132658,11.097199071738471,11.053368123675744
2022-06-11,10.48,10.58,10.66,10.669152464302165,11.511644403500691,11.225653314499041,11.149987443101553,10.68573100595298,10.741121399984305,10.927438968217412,10.861464029865806,10.860021972847838,11.218337171810226,11.038629805266874,10.993369693164874
2022-06-12,10.49,10.6,10.670000000000002,10.689152464302165,11.522949485644096,11.24565331449904,11.164431800345314,10.70430229038442,10.751121399984305,10.933090741593738,10.868606598728686,10.880021972847839,11.231814831874713,11.038629805266874,11.003369693164876
2022-06-13,10.48,10.59,10.670000000000002,10.688719484108708,11.588593582066634,11.278505700736554,11.18887537278292,10.697160730501462,10.751122184728871,10.956573007830494,10.87718091009989,10.892245938946875,11.267038231229849,11.06577741902936,11.023372832143137
2022-06-14,10.48,10.59,10.68,10.688719484108708,11.571203746353445,11.267077994147916,11.184431015539161,10.6957320149329,10.768899788118969,10.946573007830493,10.87860861668853,10.895578749117162,11.25703823122985,11.067205125617999,11.030038452483717
2022-06-15,10.58,10.68,10.76,10.766978350990327,11.590339321357286,11.30565331449904,11.239987443101553,10.78287357481586,10.831121399984305,11.017438968217412,10.948606598728686,10.970021972847839,11.298337171810227,11.112915951972553,11.086703288079729
2022-06-16,10.5,10.63,10.709999999999999,10.71524182404422,11.624678335636421,11.337074967208151,11.241097159001725,10.742875592775704,10.804455779643725,10.97961768770152,10.91861063464837,10.928913128776584,11.31617227084293,11.122922005852082,11.053372047398572
2022-06-17,10.530000000000001,10.63,10.73,10.715674804237679,11.585118992783663,11.285650287559276,11.225542301051641,10.74001715265866,10.805566193204111,10.964831874712115,10.905751185551406,10.931133955897355,11.270948871487795,11.088632832206637,11.066704857568864
2022-06-18,10.5,10.62,10.709999999999999,10.707415937356057,11.622068171349609,11.317074967208152,11.23443023073301,10.732875592775702,10.797789374558583,10.973965914325198,10.911468065785492,10.93335792199639,11.289649930907418,11.101494299263445,11.050039237228285
2022-06-19,10.49,10.62,10.709999999999999,10.707415937356057,11.639458007062798,11.33421652709111,11.25331894522053,10.735733023912823,10.798900572863532,10.982662367572548,10.91718292805973,10.937802715216197,11.30617227084293,11.09434971244072,11.066706427057994
2022-06-20,10.459999999999999,10.59,10.69,10.635674804237679,11.48642407492707,11.219936434264957,11.16554230105164,10.6785884370901,10.765566193204112,10.89048364808844,10.842893754414288,10.881133955897356,11.187904191616767,11.010060538795276,10.986703288079731
2022-06-21,10.54,10.67,10.76,10.723500690925842,11.591203746353447,11.311364140853597,11.202209229320355,10.76573100595298,10.836677391509063,10.97048364808844,10.908608616688527,10.96335635250726,11.221814831874713,11.087202098678235,11.070036882994584
2022-06-22,10.530000000000001,10.65,10.76,10.715674804237679,11.589898664210041,11.312791847442234,11.257764087270445,10.7585884370901,10.836677391509063,10.96918010133579,10.925751185551407,10.957801145727066,11.241381851681252,11.087202098678235,11.076704072824295
2022-06-23,10.52,10.65,10.750000000000002,10.70697835099033,11.527729157070473,11.284222580970637,11.226653586564119,10.745731005952981,10.832232598289256,10.941787194841087,10.907178892140049,10.954466766067645,11.231381851681254,11.055771365149832,11.060036098250022
2022-06-24,10.58,10.71,10.81,10.765674804237678,11.629898664210042,11.362791847442235,11.272209229320358,10.808588437090101,10.887788589814015,11.014831874712113,10.978608616688527,11.015578749117164,11.268337171810227,11.131488245383915,11.123370477909443
2022-06-25,10.56,10.69,10.8,10.750023030861357,11.609898664210041,11.364219554030873,11.268875372782922,10.801445868227223,10.872233383033823,11.023528327959468,10.94718091009989,11.004468335556778,11.281381851681253,11.130060538795275,11.126704857568862
2022-06-26,10.55,10.69,10.8,10.744371257485032,11.589898664210041,11.344219554030873,11.291097159001726,10.79716073050146,10.868899788118968,11.006573007830493,10.97575320351125,11.003357921996392,11.27747121142331,11.14149127232368,11.133372832143138
2022-06-27,10.49,10.64,10.76,10.682197144173191,11.584678335636418,11.277077994147916,11.243319730026684,10.745732014932901,10.826677391509063,10.947876554583141,10.92003834123701,10.958913128776585,11.207904191616766,11.08291897891232,11.07670564231343
2022-06-28,10.54,10.69,10.8,10.738719484108707,11.599898664210041,11.355647260619513,11.295541516245487,10.800018161638581,10.87001098642392,11.00961768770152,10.95861063464837,11.005580318606293,11.27747121142331,11.13149127232368,11.140040021972851
2022-06-29,10.57,10.72,10.829999999999998,10.777415937356057,11.73032243205896,11.449927353445666,11.393318160414376,10.835733023912825,10.931122969473435,11.057010594196223,11.01575522147109,11.058914698265715,11.388783970520498,11.215783472908887,11.216710350780822
2022-06-30,10.55,10.69,10.82,10.740893597420545,11.624678335636421,11.38421652709111,11.327763302464293,10.804303299364344,10.89223338303382,10.992224781206817,10.97003834123701,11.021135525386487,11.300082911100876,11.162922005852081,11.173374401632271
2022-07-01,10.64,10.79,10.89,10.843067710732383,11.705983417779827,11.47850267379679,11.426652016951811,10.907161739481385,10.966678176253629,11.113965914325194,11.082897790333972,11.105580318606295,11.41660525103639,11.247208152557763,11.253375186376836
2022-07-02,10.61,10.76,10.88,10.852634730538922,11.857271610624904,11.55420744627182,11.489983519070789,10.892877610735546,10.98667974574276,11.129189313680332,11.080044395116538,11.125583457584556,11.480529709811147,11.307217233377054,11.293380679588793
2022-07-03,10.64,10.8,10.92,10.811326577614006,11.720763089206205,11.48564423367975,11.429985088683095,10.900017152658663,11.00112218472887,11.07787655458314,11.04575320351125,11.121135525386489,11.393127590971902,11.261494299263443,11.273375186376835
2022-07-04,10.63,10.78,10.9,10.82524182404422,11.771627514202365,11.521355060034304,11.475539946633182,10.900019170618505,10.995567762693241,11.102662367572547,11.081470083745334,11.135581888095427,11.432261630584984,11.28435576632025,11.286711135525389
2022-07-05,10.64,10.8,10.93,10.839590050667896,11.796407185628743,11.544210473211582,11.489984303876943,10.918590455049944,11.015567762693243,11.115707047443575,11.094327514882453,11.145581888095426,11.454873330262552,11.302928059731611,11.310044730440243
2022-07-06,10.67,10.83,10.949999999999998,10.871764163979734,11.843797021341933,11.59706588638886,11.541094804583269,10.954305317324184,11.043346150827904,11.144403500690924,11.135757239430935,11.188916267754847,11.491395670198067,11.350072646554334,11.363379894844229
2022-07-07,10.66,10.82,10.949999999999998,10.86611239060341,11.825102103485337,11.577065886388862,11.52998351907079,10.947162748461306,11.043346150827904,11.138751727314599,11.115757239430936,11.185583457584558,11.464873330262552,11.340072646554331,11.350047084673939
2022-07-08,10.67,10.84,10.97,10.873938277291572,11.851186857055122,11.592779739683179,11.555539161827028,10.962876601755625,11.071123754218002,11.1487517273146,11.145757239430937,11.211138664364748,11.487918010133578,11.354358793260014,11.336711135525388
2022-07-09,10.69,10.86,11.0,10.891764163979731,11.869881774911716,11.618493592977499,11.58442787631455,10.984305317324184,11.082234952522954,11.168751727314602,11.168614670568056,11.233361060974655,11.504440350069093,11.388644939965694,11.366711135525389
2022-07-10,10.66,10.84,10.97,10.881764163979733,11.829881774911714,11.611349006154777,11.553316590802071,10.950020179598425,11.066679745742762,11.141796407185629,11.181474119665019,11.200028250804364,11.497052049746662,11.351503380082734,11.336711920269954
2022-07-11,10.72,10.9,11.020000000000001,10.95480884385076,11.959441117764472,11.728490566037735,11.632205305289592,11.022877610735547,11.134458133877423,11.176144633809306,11.244331550802139,11.277807423683592,11.573574389682175,11.418644939965693,11.406713489759085
2022-07-12,10.749999999999998,10.9,11.05,10.954375863657301,12.022915707047444,11.742770658863888,11.632205305289592,11.042878619715466,11.13223573726752,11.219189313680333,11.240048431036222,11.285585027073688,11.560529709811146,11.444361820199777,11.45337989484423
2022-07-13,10.74,10.91,11.07,10.921768770152005,12.043780132043606,11.744195338512764,11.746648092921049,11.057164766421149,11.176681315231892,11.26223399355136,11.217193017858946,11.344476183002433,11.603141409488714,11.45722026031682,11.466718198226477
2022-07-14,10.67,10.82,10.980000000000002,10.90654997696914,12.006390296330416,11.652773685803652,11.625536807408569,10.988594490969627,11.100014910146745,11.234412713035466,11.187193017858945,11.254477752491566,11.549230769230771,11.40436484713954,11.426718198226478
2022-07-15,10.71,10.87,11.05,10.95654997696914,12.071169967756797,11.718487539097971,11.697759378433524,11.03288063767531,11.171126108451698,11.276153846153845,11.260050448996065,11.337810562661852,11.605320128972824,11.447223287256582,11.490051008396765
2022-07-16,10.680000000000001,10.84,11.05,10.950898203592816,12.065949639183174,11.721342952275249,11.713314236383612,11.014309353243869,11.184459703366555,11.243546752648548,11.254337604681666,11.312256925370791,11.614887148779365,11.424367874079305,11.520052577885899
2022-07-17,10.680000000000001,10.86,11.05,10.96524643021649,12.01508521418701,11.758484512158207,11.714424737089937,11.02716678438099,11.173349289806168,11.253546752648548,11.282909898093028,11.321146511810406,11.617498848456933,11.452940167490667,11.52672133720474
2022-07-18,10.72,10.9,11.059999999999999,10.971768770152003,12.0524750499002,11.801339925335487,11.764424737089938,11.07002421551811,11.171127677940829,11.307894979272225,11.314339622641508,11.377813701640118,11.660976508521419,11.500084754313388,11.55672290669387
2022-07-19,10.69,10.87,11.059999999999999,10.990898203592815,12.042475049900201,11.787053778629804,11.752202166064981,11.030024215518111,11.162238876245782,11.276591432519577,11.294339622641509,11.352258494859925,11.644021188392447,11.472943194430428,11.560056501608727
2022-07-20,10.73,10.94,11.11,11.010465223399356,12.094644557039768,11.838478458278678,11.815535237796261,11.088596508929472,11.25112767794083,11.3122432058959,11.341484209464232,11.404480891469825,11.687065868263474,11.554373927958832,11.603391666012714
2022-07-21,10.72,10.9,11.09,10.99568401658222,12.144203899892524,11.832761578044597,11.808868309527544,11.065740086772275,11.246683669465588,11.335287885766927,11.321486227424073,11.362256925370792,11.706632888070015,11.550090808192916,11.603393235501846
2022-07-22,10.71,10.93,11.11,11.010902809765085,12.1789835713189,11.887044697810511,11.859978810233871,11.104312380183634,11.246684454210154,11.327029018885305,11.358630814246796,11.410036098250021,11.728811607554123,11.601521541721318,11.646728399905832
2022-07-23,10.72,10.92,11.09,11.025251036388761,12.18637340703209,11.88847240439915,11.885533668183959,11.101455958026433,11.237796437259671,11.360073698756333,11.357203107658158,11.422260064349054,11.75185628742515,11.598666128544043,11.653397159224673
2022-07-24,10.72,10.92,11.100000000000001,11.029599263012436,12.238542914171658,11.928469377459388,11.912199811646522,11.098599535869235,11.252241230479477,11.391814831874713,11.36434769448088,11.431149650788669,11.781423307231693,11.620096862072446,11.673397943969238
2022-07-25,10.749999999999998,10.97,11.14,11.061773376324275,12.287237832028252,12.002752497225304,11.956644168890284,11.154314398143477,11.29335242878443,11.371377245508983,11.394345676521038,11.468927254178766,11.824467987102718,11.681527595600846,11.713397943969238
2022-07-26,10.76,10.96,11.16,11.06612160294795,12.31940733916782,12.031321763696901,11.983310312352847,11.151457975986277,11.321129247429962,11.390073698756334,11.398632832206639,11.48781684061838,11.837512666973744,11.702958329129249,11.740065918543515
2022-07-27,10.76,10.95,11.16,11.073514509442655,12.371576846307384,12.072746443345777,12.009976455815412,11.16288770053476,11.325574040649768,11.410511285122064,11.424349712440721,11.503373616887705,11.873169046522339,11.735819796186055,11.756733893117792
2022-07-28,10.76,10.97,11.15,11.090036849378167,12.361576846307385,12.108457269700333,12.012198242034216,11.178602562808999,11.322241230479477,11.40616305849839,11.442922005852083,11.50448559993722,11.876213726393368,11.748678236303096,11.756735462606922
2022-07-29,10.76,10.98,11.15,11.047862736066328,12.43113618916014,12.13845726970033,12.062197457228066,11.182886691554836,11.34001961861414,11.430948871487795,11.465779436989203,11.524487169426353,11.91534776600645,11.777250529714458,11.743401082947504
2022-07-30,10.77,10.99,11.179999999999998,11.099166282818977,12.46852602487333,12.188454242760567,12.132196672421912,11.19431641610332,11.37113160166366,11.458341777982497,11.488638886086168,11.574488738915484,11.860124366651313,11.81725355665422,11.800069842266344
2022-07-31,10.77,11.0,11.19,11.074818056195301,12.484610778443114,12.212737362526486,12.109974886203108,11.210031278377562,11.38890998979832,11.462690004606172,11.50006861063465,11.595600721965,11.869691386457854,11.772964383008778,11.833405006670327
2022-08-01,10.78,11.01,11.210000000000003,11.091340396130814,12.415051435590357,12.17559882958329,12.14664102966567,11.22431742508324,11.416688377932983,11.480082911100874,11.528640904046009,11.633379894844229,11.902303086135422,11.8001089698315,11.87007376598917
2022-08-02,10.8,11.02,11.22,11.123081529249195,12.477220942729927,12.204168096054888,12.272194318003452,11.2428897184946,11.442245154202308,11.520520497466606,11.55578549086873,11.672271050772975,11.938392445877476,11.840111996771263,11.92341049988229
2022-08-03,10.76,11.0,11.179999999999998,11.091777982496545,12.490695532012898,12.209878922409443,12.181083817297125,11.224319443043083,11.398912344032016,11.506609857208659,11.545787508828573,11.62338303382249,11.95404882542607,11.837256583593986,11.89341206937142
2022-08-04,10.8,11.03,11.24,11.13482266236757,12.554170121295869,12.261306628998083,12.274416889028409,11.271463020885884,11.466689947422113,11.555306310456011,11.587217233377054,11.6978278270423,12.010138185168126,11.892973463828069,11.956745664286277
2022-08-05,10.8,11.01,11.25,11.152648549055735,12.57155995700906,12.265589748763999,12.271083032490973,11.257177883160125,11.482245938946873,11.564002763703362,11.581504389062658,11.693384603311621,12.023182865039152,11.898690344062153,11.98341363886055
2022-08-06,10.8,11.04,11.27,11.167867342238601,12.616339628435437,12.347014428412873,12.343304818709777,11.300036323277165,11.508913128776582,11.598788576692767,11.62722126929674,11.755606999921525,12.075361584523263,11.952979517707597,12.02341599309425
2022-08-07,10.830000000000002,11.09,11.28,11.200912022109629,12.695898971288193,12.43272525476743,12.376637105634906,11.348608616688526,11.5200251118261,11.64618148318747,11.694365856119465,11.768942949070077,12.131450944265316,12.02726869135304,12.073417562583382
2022-08-08,10.8,11.06,11.28,11.173086135421466,12.647204053431599,12.39415296135607,12.38997017736619,11.321466047825648,11.524469905045907,11.616181483187471,11.665795580667945,11.790054932119595,12.09797328420083,12.001554838058722,12.070085537157656
2022-08-09,10.79,11.06,11.26,11.179175495163518,12.734153231997544,12.467005347593583,12.393303249097473,11.34003935021693,11.517803499960761,11.645315522800553,11.70722732317627,11.774499725339403,12.153196683555967,12.052988598526888,12.056753511731932
2022-08-10,10.830000000000002,11.09,11.31,11.233523721787195,12.842407492706894,12.549857733831095,12.482191178778843,11.377182928059732,11.558915483010281,11.711404882542606,11.750086772273233,11.83227889821863,12.232330723169047,12.111563918878012,12.160088676135919
2022-08-11,10.86,11.08,11.330000000000002,11.267871948410871,12.905882081989867,12.541285440419735,12.527746036728926,11.361469074765413,11.592249077925135,11.754449562413633,11.748659065684592,11.867835674487957,12.284942422846616,12.104422358995055,12.180091030369615
2022-08-12,10.85,11.12,11.35,11.277438968217412,12.956746506986029,12.608427000302692,12.565523465703968,11.415755221471091,11.61558267283999,11.774887148779365,11.797231359095955,11.896725260927568,12.307554122524182,12.167280799112097,12.203425410029036
2022-08-13,10.8,11.1,11.32,11.246135421464764,12.951526178412406,12.636993239834526,12.569967038141577,11.428613661588134,11.602250647414268,11.742280055274067,11.79866310160428,11.88339402024641,12.306688162137265,12.19585611946322,12.226761359177589
2022-08-14,10.84,11.13,11.36,11.299180101335791,13.051085521265163,12.679848653011803,12.636633181604143,11.438614670568056,11.648917837243976,11.807065868263471,11.84009282615276,11.938950796515735,12.375822201750346,12.225859146402986,12.300096523581574
2022-08-15,10.82,11.13,11.36,11.283528327959466,13.039780439121756,12.695562506306121,12.648854967822949,11.438614670568056,11.646696225378639,11.79141409488715,11.845807688427,11.937840382955349,12.368866881621374,12.230145293108665,12.29676449815585
2022-08-16,10.830000000000002,11.13,11.36,11.295702441271304,13.032390603408567,12.71413177277772,12.67552111128551,11.470043386136616,11.66669622537864,11.798369415016122,11.860094844112602,11.95450757278506,12.375822201750346,12.264431439814347,12.320098877815273
2022-08-17,10.87,11.16,11.4,11.338747121142331,13.14803469983111,12.762701039249317,12.727742897504315,11.497186963979418,11.696697010123206,11.876199907876554,11.891524568661083,12.002286745664286,12.457567941040997,12.30586217334275,12.373434042219259
2022-08-18,10.85,11.18,11.409999999999998,11.315269461077843,13.16150928911408,12.816984159015234,12.7632977554544,11.50147411966502,11.712253001647964,11.863592814371257,11.928669155483806,12.020065918543514,12.463657300783051,12.345865200282512,12.373436396452956
2022-08-19,10.84,11.15,11.409999999999998,11.332662367572548,13.213678796253648,12.855550398547066,12.79329697064825,11.4829038442135,11.718920191477675,11.885333947489634,11.93010089799213,12.033400298202935,12.49626900046062,12.34587125416204,12.42010437102723
2022-08-20,10.85,11.17,11.47,11.362229387379088,13.275848303393213,12.899833518312985,12.838851828598335,11.5400474220563,11.747809777917286,11.925771533855366,11.970102915951971,12.071179471082164,12.545403040073698,12.395874281101806,12.453439535431217
2022-08-21,10.87,11.2,11.46,11.374403500690926,13.303238139106405,12.908405811724347,12.872184900329618,11.56861870648774,11.772254571137093,11.944467987102717,11.997245484814853,12.100069057521779,12.568447719944729,12.428729694279083,12.48677391509064
2022-08-22,10.89,11.21,11.47,11.387881160755413,13.348017810532781,12.924119665018667,12.904406686548423,11.54290485319342,11.790032959271755,11.963164440350068,11.997245484814853,12.095622694812839,12.598014739751267,12.421588134396126,12.520109079494627
2022-08-23,10.88,11.22,11.529999999999998,11.398751727314602,13.35540764624597,12.964116638078902,12.927739758279703,11.585762284330542,11.80225535588166,11.976209120221096,11.975813742306528,12.112289884642552,12.61758175955781,12.474446574513166,12.543443459154046
2022-08-24,10.86,11.19,11.5,11.388318747121144,13.387577153385537,12.975541317727776,12.959960759692358,11.578620724447584,11.802256140626223,11.976646706586825,12.02296438300878,12.106736247351488,12.623238139106403,12.477308041569971,12.550113003217453
2022-08-25,10.899999999999999,11.21,11.55,11.439189313680334,13.487136496238294,13.038396730905053,13.017738188667398,11.577193017858944,11.838923330455938,12.051432519576233,12.002960347089093,12.16007062701091,12.708894518654999,12.507311068509736,12.60678097779173
2022-08-26,10.899999999999999,11.23,11.529999999999998,11.44005988023952,13.536695839091049,12.964116638078902,12.992183330717312,11.595765311270306,11.866701718590598,12.058825426070936,12.030104933911815,12.200072196500038,12.73802855826808,12.461591161335889,12.596778623558032
2022-08-27,10.899999999999999,11.24,11.59,11.453104560110548,13.598865346230617,12.988399757844816,13.023293831423638,11.630051457975986,11.88336890842031,12.099263012436667,12.047249520734537,12.22340657615946,12.777162597881162,12.49873574815861,12.620113787962019
2022-08-28,10.91,11.25,11.6,11.467452786734224,13.608865346230616,13.021255171022096,13.051071260398679,11.652908889113107,11.906702503335163,12.026646706586826,12.065821814145899,12.240073765989171,12.797162597881162,12.521594188275653,12.64344816762144
2022-08-29,10.92,11.25,11.61,11.492671579917092,13.687119606939966,13.072679850670971,13.087737403861246,11.665767329230148,11.915592089774776,12.14404882542607,12.092966400968622,12.265630542258496,12.852385997236299,12.551597215215416,12.676783332025426
2022-08-30,10.91,11.26,11.63,11.497890373099954,13.727984031936128,13.10696297043689,13.136625333542613,11.67719705377863,11.935592874519344,12.086218332565638,12.121540712339824,12.297854508357531,12.874997696913866,12.58588638886086,12.710119281173979
2022-08-31,10.94,11.28,11.66,11.524412713035469,13.78406878550591,13.139818383614166,13.192180191492701,11.701483200484311,11.973371262654007,12.119263012436665,12.142970436888305,12.335633681236757,12.924564716720406,12.623030975683584,12.763454445577965
2022-09-01,10.93,11.3,11.680000000000001,11.538760939659143,13.65233993551359,13.198387650085763,13.224401977711505,11.72719806275855,11.998927254178765,12.126655918931368,12.171542730299667,12.356745664286276,12.810207277752188,12.660175562506305,12.790122420152242
2022-09-02,10.93,11.3,11.67,11.535283279594656,13.65233993551359,13.19552920996872,13.232179406686548,11.721484209464231,12.004483245703524,12.15230769230769,12.172972454848148,12.365635250725889,12.82977429755873,12.661606296034707,12.796790394726518
2022-09-03,10.94,11.33,11.71,11.566153846153846,13.69581452479656,13.259812329734638,13.26995683566159,11.758627787307033,12.03003923722828,12.181004145555043,12.217259610533752,12.394524837165502,12.85934131736527,12.717323176268792,12.833458369300793
2022-09-04,10.92,11.29,11.69,11.537894979272226,13.7514586212191,13.26837856926647,13.315510908805525,11.735772374129755,12.040040021972846,12.180575771533855,12.214406215316314,12.415638389704151,12.887609396591433,12.720184643325595,12.85679510319391
2022-09-05,10.96,11.33,11.75,11.598765545831414,13.827543374788885,13.342661689032388,13.374399623293048,11.782915951972555,12.076707211802558,12.252316904652234,12.271550802139037,12.466750372753669,12.963698756333487,12.780187670265361,12.913463077768187
2022-09-06,10.97,11.34,11.77,11.596591432519576,13.82623829264548,13.336947835738068,13.405510123999372,11.795773383109676,12.115596798242171,12.25492399815753,12.274408233276157,12.504529545632897,12.953698756333488,12.780187670265361,12.946798242172173
2022-09-07,10.99,11.36,11.81,11.616591432519577,13.853628128358666,13.364089395621026,13.43995448124313,11.807202098678236,12.137819194852074,12.279272224781206,12.287265664413278,12.534529545632898,12.976743436204515,12.80447381697104,12.980131837087031
2022-09-08,10.980000000000002,11.37,11.82,11.638332565637954,13.921882389068019,13.42694178185854,13.466620624705696,11.830060538795278,12.138931177901592,12.312754491017964,12.332982544647361,12.560086321902222,13.028922155688623,12.855907577439208,13.010134191320727
2022-09-09,10.95,11.35,11.8,11.633118378627362,13.996221403347151,13.489791141156289,13.524396484068433,11.832919987892241,12.158931962646156,12.3479778903731,12.354416305115528,12.563422271050774,13.086757254721325,12.894485924730096,13.0368045201287
2022-09-10,10.980000000000002,11.36,11.83,11.645725472132657,14.02013664977737,13.495508021390371,13.536619055093393,11.83863384118656,12.173376755865965,12.361888530631045,12.358701442841287,12.583422271050773,13.107623215108246,12.901627484613055,13.053470925213842
2022-09-11,11.02,11.4,11.9,11.669203132197143,14.028831567633963,13.52836343456765,13.598840841312196,11.8914922813036,12.238932747390725,12.37754030400737,12.41441832307537,12.661201443930002,13.101100875172733,12.951630511552818,13.130139684532685
2022-09-12,11.03,11.42,11.94,11.697466605251037,14.09839091048672,13.551218847744927,13.627729555799716,11.901492281303602,12.270043945695676,12.425370796867803,12.42441832307537,12.724534254100291,13.185891294334409,12.970202804964181,13.15347327944754
2022-09-13,11.01,11.42,11.92,11.693988945186549,14.097085828343316,13.589788114216525,13.657728770993565,11.864346685500959,12.268933532135287,12.424067250115153,12.435848047623853,12.726758220199326,13.179368954398896,12.983061245081224,13.17014203876638
2022-09-14,11.02,11.44,11.989999999999998,11.701814831874712,14.121865499769692,13.621215820805165,13.711061842724845,11.885775401069518,12.301154359256062,12.424067250115153,12.458705478760972,12.800092599858745,13.188935974205435,13.003061245081222,13.233476418425804
2022-09-15,11.02,11.47,11.989999999999998,11.721381851681254,14.201424842622448,13.705495913631317,13.749949772406213,11.93577741902936,12.346712705014518,12.476245969599264,12.524424376954899,12.82231656595778,13.254159373560572,13.094498032489152,13.256813152318921
2022-09-16,11.01,11.47,11.98,11.743993551358821,14.295763856901582,13.766917566340426,13.766615131062629,11.98292604177177,12.34115828297889,12.517121142330724,12.554428412874584,12.821207721886527,13.318949792722247,13.157362526485722,13.270149886212039
2022-09-17,11.040000000000001,11.46,12.04,11.761819438046984,14.307068939044989,13.798342245989303,13.834392560037669,11.98864191302593,12.390047869418503,12.560165822201752,12.568717586520028,12.88120929137566,13.351994472593278,13.148793260014124,13.343485050616025
2022-09-18,11.040000000000001,11.51,12.09,11.763993551358823,14.279679103331798,13.761206739985875,13.84994820279391,11.985779436989203,12.442270266028407,12.542772915707047,12.581570981737464,12.923431687985563,13.329382772915706,13.160217939663001,13.37015145570117
2022-09-19,11.049999999999999,11.57,12.1,11.76616766467066,14.304458774758178,13.815486832812027,13.855503845550148,12.04578448188881,12.444492662638313,12.551469368954399,12.613002724245787,12.93343168798556,13.349382772915709,13.198793260014124,13.380151455701169
2022-09-20,11.06,11.51,12.13,11.7957346844772,14.365323199754338,13.88405307234386,13.897725631768951,12.054357784280093,12.483382249077925,12.594951635191158,12.640149329028352,12.971210860864788,13.40808383233533,13.244513167187971,13.416819430275446
2022-09-21,11.049999999999999,11.51,12.16,11.810953477660064,14.485746967603257,13.909763898698413,13.93216920420656,12.060073655534255,12.50338303382249,12.634085674804236,12.664438502673798,13.001212430353922,13.46287425149701,13.273088487539095,13.443488974338855
2022-09-22,11.08,11.61,12.21,11.830953477660065,14.43879778903731,13.931194632226816,14.012168419400407,12.08578448188881,12.600049438907636,12.655389221556886,12.708723640399555,13.043434826963825,13.466351911561494,13.314516194127735,13.486821784509145
2022-09-23,11.120000000000001,11.62,12.25,11.859649930907416,14.52835713189007,13.945477751992733,14.04105713388793,12.09149934416305,12.63671584399278,12.655389221556886,12.714438502673795,13.071212430353919,13.512874251497008,13.321660780950458,13.550158518402261
2022-09-24,11.1,11.65,12.28,11.864868724090282,14.533136803316447,13.981191605287053,14.067723277350492,12.118642922005852,12.621162206701717,12.693219714417319,12.761583089496519,13.112325982892568,13.538530631045601,13.355946927656138,13.593494467550812
2022-09-25,11.120000000000001,11.62,12.35,11.87748042376785,14.598780899738985,14.066899404701847,14.13327813530058,12.181505398042578,12.674495801616573,12.740612620912023,12.808729694279084,13.176770776112376,13.59027637033625,13.418811421652707,13.646828847210235
2022-09-26,11.120000000000001,11.68,12.33,11.883132197144175,14.586611392599417,14.069754817879124,14.113278135300579,12.185791544748259,12.717828611786862,12.756701980654077,12.810159418827565,13.161215569332184,13.635932749884848,13.425956008475433,13.626828847210234
2022-09-27,11.190000000000001,11.72,12.43,11.913132197144174,14.631391064025795,14.096899404701848,14.206611991838017,12.210074664514176,12.807828611786864,12.795398433901429,12.854444556553323,13.271217138821314,13.679410409949336,13.45738371506407,13.71349525229538
2022-09-28,11.130000000000003,11.7,12.38,11.890525103638877,14.637035160448335,14.095468671173444,14.206611207031862,12.21579255372818,12.784495801616574,12.757139567019806,12.834446574513168,13.251218708310446,13.65245508982036,13.454528301886793,13.696830416699365
2022-09-29,11.14,11.7,12.4,11.908783970520497,14.621391064025795,14.102610231056401,14.207720922932035,12.204361820199775,12.790052577885897,12.785398433901427,12.847306023610129,13.257887467629287,13.640709350529711,13.461672888709513,13.716833555677628
2022-09-30,11.18,11.78,12.58,11.970962690004606,14.817458928297253,14.156893350822315,14.249943493956991,12.260075673494097,12.882274189751236,12.86671119299862,12.898735748158611,13.338997881189673,13.777245508982036,13.505959035415193,13.790164796358788
2022-10-01,11.14,11.83,12.58,10.911825893758836,10.332316076294276,10.822519422863484,11.411019153225809,11.540553929976793,12.233069247051708,10.73323740280723,11.301130057511855,11.985000504083073,10.52046316851665,11.03691422805247,11.669004032258066
2022-10-02,11.17,11.77,12.63,10.94,10.36,10.76,11.43,11.5,12.28,10.76,11.26,12.01,10.56,10.99,11.68
2022-10-03,11.17,11.88,12.66,10.94,10.36,10.88,11.46,11.61,12.29,10.75,11.34,12.04,10.56,11.09,11.71
2022-10-04,11.11,11.75,12.69,10.9,10.34,10.8,11.42,11.48,12.32,10.72,11.27,12.01,10.54,10.98,11.76
2022-10-05,11.16,11.84,12.72,10.94,10.38,10.83,11.49,11.56,12.35,10.76,11.31,12.07,10.57,11.05,11.76
2022-10-06,11.21,11.93,12.75,10.97,10.39,10.87,11.49,11.63,12.38,10.78,11.4,12.1,10.58,11.1,11.8
2022-10-07,11.26,11.93,12.8,10.98,10.43,10.88,11.54,11.64,12.44,10.79,11.42,12.17,10.59,11.11,11.8
2022-10-08,11.26,11.95,12.85,11.02,10.45,10.9,11.59,11.66,12.48,10.82,11.44,12.21,10.62,11.13,11.85
2022-10-09,11.27,11.97,12.86,11.03,10.45,10.91,11.6,11.67,12.48,10.84,11.39,12.21,10.64,11.13,11.88
2022-10-10,11.27,11.98,12.87,11.03,10.45,10.92,11.61,11.69,12.5,10.84,11.46,12.22,10.64,11.15,11.9
2022-10-11,11.37,12.05,12.94,11.07,10.51,10.97,11.65,11.76,12.54,10.88,11.54,12.27,10.67,11.25,11.93
2022-10-12,11.28,11.95,12.94,11.0,10.46,10.91,11.63,11.65,12.55,10.81,11.43,12.25,10.62,11.13,11.94
2022-10-13,11.41,12.12,13.07,11.12,10.57,11.0,11.75,11.82,12.61,10.93,11.58,12.36,10.73,11.25,12.01
2022-10-14,11.37,12.06,13.099999999999998,11.08,10.5,10.97,11.71,11.76,12.62,10.89,11.53,12.34,10.67,11.21,12.04
2022-10-15,11.32,12.01,13.13,11.03,10.47,10.92,11.72,11.72,12.66,10.83,11.48,12.36,10.63,11.16,12.04
2022-10-16,11.45,12.14,13.159999999999998,11.15,10.59,11.03,11.81,11.83,12.72,10.96,11.59,12.46,10.76,11.31,12.08
2022-10-17,11.46,12.17,13.209999999999999,11.15,10.56,11.03,11.87,11.86,12.75,10.95,11.62,12.53,10.73,11.33,12.16
2022-10-18,11.48,12.2,13.27,11.18,10.6,11.07,11.91,11.89,12.9,10.98,11.65,12.56,10.77,11.36,12.21
2022-10-19,11.47,12.19,13.28,11.16,10.59,11.06,11.88,11.88,12.81,10.97,11.64,12.53,10.76,11.31,12.19
2022-10-20,11.47,12.21,13.300000000000002,11.2,10.57,11.04,11.85,11.9,12.9,10.95,11.65,12.53,10.73,11.34,12.23
2022-10-21,11.44,12.15,13.32,11.18,10.58,11.03,11.86,11.84,12.93,10.94,11.6,12.54,10.73,11.31,12.27
2022-10-22,11.44,12.16,13.35,11.14,10.55,11.02,11.95,11.85,12.99,10.94,11.61,12.62,10.71,11.31,12.31
2022-10-23,11.58,12.31,13.38,11.3,10.68,11.19,12.02,12.0,13.039999999999997,11.06,11.75,12.78,10.84,11.44,12.38
2022-10-24,11.74,12.48,13.48,11.45,10.78,11.33,12.34,12.17,13.139999999999999,11.19,11.93,13.039999999999997,10.95,11.61,12.41
2022-10-25,11.91,12.7,13.57,11.61,10.92,11.44,12.39,12.39,13.250000000000002,11.34,12.13,13.06,11.08,11.79,12.49
2022-10-26,11.62,12.38,13.529999999999998,11.35,10.74,11.26,12.02,12.06,13.07,11.11,11.82,12.7,10.89,11.51,12.43
2022-10-27,11.65,12.42,13.49,11.38,10.75,11.32,12.06,12.11,13.120000000000001,11.14,11.87,12.86,10.9,11.57,12.46
2022-10-28,11.76,12.52,13.599999999999998,11.47,10.83,11.32,12.23,12.2,13.240000000000002,11.22,11.95,13.0,10.98,11.64,12.61
2022-10-29,11.75,12.52,13.620000000000001,11.45,10.77,11.33,12.21,12.2,13.230000000000002,11.23,11.95,12.97,10.93,11.63,12.65
2022-10-30,11.79,12.6,13.659999999999998,11.51,10.85,11.42,12.26,12.28,13.300000000000002,11.29,12.03,13.039999999999997,11.01,11.7,12.68
2022-10-31,11.76,12.56,13.730000000000002,11.47,10.83,11.39,12.26,12.24,13.310000000000002,11.27,11.98,13.01,10.99,11.66,12.71
2022-11-01,11.79,12.59,13.76,11.5,10.85,11.41,12.3,12.28,13.33,11.29,12.02,13.039999999999997,11.0,11.69,12.76
2022-11-02,11.86,12.65,13.810000000000002,11.58,10.92,11.49,12.39,12.33,13.43,11.37,12.09,13.149999999999999,11.08,11.77,12.81
2022-11-03,11.94,12.74,13.86,11.63,10.95,11.53,12.47,12.43,13.49,11.41,12.17,13.240000000000002,11.11,11.83,12.88
2022-11-04,11.96,12.89,13.92,11.66,10.99,11.59,12.64,12.49,13.58,11.44,12.22,13.34,11.14,11.89,12.94
2022-11-05,11.95,12.88,13.93,11.64,10.94,11.55,12.63,12.48,13.57,11.41,12.21,13.33,11.11,11.86,12.96
2022-11-06,11.95,12.86,13.94,11.67,11.02,11.6,12.6,12.47,13.56,11.46,12.21,13.300000000000002,11.18,11.88,12.97
2022-11-07,12.06,12.99,14.06,11.76,11.08,11.7,12.7,12.66,13.649999999999999,11.54,12.33,13.38,11.28,12.0,13.06
2022-11-08,12.0,12.92,14.07,11.71,11.04,11.61,12.67,12.53,13.64,11.5,12.26,13.37,11.24,11.91,13.019999999999998
2022-11-09,12.12,13.06,14.109999999999998,11.82,11.17,11.76,12.84,12.74,13.740000000000002,11.59,12.4,13.52,11.33,12.06,13.149999999999999
2022-11-10,12.17,13.139999999999999,14.169999999999998,11.86,11.21,11.8,12.88,12.82,13.82,11.64,12.47,13.56,11.36,12.12,13.240000000000002
2022-11-11,12.12,13.099999999999998,14.219999999999999,11.81,11.15,11.77,12.86,12.78,13.82,11.58,12.52,13.609999999999998,11.31,12.1,13.219999999999999
2022-11-12,12.23,13.190000000000001,14.300000000000002,11.93,11.28,11.89,12.94,12.88,13.89,11.7,12.54,13.649999999999999,11.43,12.2,13.32
2022-11-13,12.24,13.219999999999999,14.300000000000002,11.92,11.25,11.91,13.0,12.91,13.94,11.69,12.65,13.709999999999999,11.41,12.24,13.36
2022-11-14,12.26,13.250000000000002,14.38,11.96,11.3,11.94,13.019999999999998,12.94,13.98,11.73,12.68,13.719999999999999,11.46,12.26,13.42
2022-11-15,12.28,13.35,14.44,11.95,11.24,11.96,13.190000000000001,13.029999999999998,14.109999999999998,11.7,12.75,13.88,11.41,12.38,13.56
2022-11-16,12.35,13.36,14.49,12.05,11.4,12.05,13.180000000000001,13.029999999999998,14.14,11.83,12.77,13.89,11.56,12.36,13.56
2022-11-17,12.52,13.44,14.46,12.13,11.45,12.15,13.27,13.139999999999999,14.14,11.9,12.89,13.92,11.61,12.54,13.620000000000001
2022-11-18,12.53,13.51,14.55,12.15,11.46,12.17,13.36,13.2,14.240000000000002,11.93,12.94,14.02,11.63,12.58,13.719999999999999
2022-11-19,12.56,13.55,14.619999999999997,12.18,11.5,12.22,13.4,13.250000000000002,14.29,11.95,12.98,14.06,11.66,12.62,13.750000000000002
2022-11-20,12.61,13.589999999999998,14.57,12.24,11.55,12.29,13.44,13.300000000000002,14.260000000000002,12.01,13.039999999999997,14.039999999999997,11.72,12.69,13.76
2022-11-21,12.67,13.670000000000002,14.65,12.29,11.61,12.44,13.56,13.38,14.37,12.06,13.120000000000001,14.169999999999998,11.77,12.78,13.89
2022-11-22,12.74,13.730000000000002,14.719999999999999,12.37,11.7,12.52,13.609999999999998,13.44,14.44,12.14,13.190000000000001,14.240000000000002,11.86,12.86,13.95
2022-11-23,12.78,13.680000000000001,14.709999999999999,12.48,11.73,12.55,13.56,13.42,14.39,12.18,13.190000000000001,14.159999999999998,11.9,12.87,13.86
2022-11-24,12.78,13.730000000000002,14.690000000000001,12.41,11.76,12.58,13.609999999999998,13.47,14.38,12.19,13.230000000000002,14.169999999999998,11.92,12.91,13.91
2022-11-25,12.88,13.78,14.750000000000002,12.59,11.87,12.67,13.670000000000002,13.529999999999998,14.43,12.3,13.300000000000002,14.219999999999999,12.03,12.99,13.95
2022-11-26,12.95,13.85,14.669999999999998,12.67,11.94,12.79,13.740000000000002,13.609999999999998,14.42,12.45,13.38,14.240000000000002,12.1,13.079999999999998,14.0
2022-11-27,12.98,13.89,14.760000000000002,12.7,11.95,12.84,13.800000000000002,13.64,14.52,12.4,13.43,14.34,12.11,13.13,14.08
2022-11-28,12.99,13.86,14.729999999999999,12.7,11.97,12.81,13.750000000000002,13.609999999999998,14.5,12.48,13.38,14.320000000000002,12.14,13.099999999999998,14.06
2022-11-29,13.019999999999998,13.88,14.880000000000003,12.73,11.98,12.84,13.78,13.609999999999998,14.669999999999998,12.52,13.38,14.5,12.15,13.110000000000001,14.13
2022-11-30,13.07,14.039999999999997,14.78,12.79,12.02,12.92,13.93,13.77,14.58,12.56,13.539999999999997,14.43,12.2,13.230000000000002,14.200000000000001
2022-12-01,13.05,13.99,14.63,12.8,12.11,12.93,13.85,13.719999999999999,14.45,12.6,13.49,14.320000000000002,12.27,13.2,14.109999999999998
2022-12-02,13.039999999999997,13.92,14.5,12.78,12.11,12.89,13.810000000000002,13.680000000000001,14.34,12.58,13.47,14.229999999999999,12.25,13.170000000000002,14.039999999999997
2022-12-03,13.039999999999997,13.680000000000001,14.05,12.77,12.08,12.87,13.51,13.5,13.92,12.57,13.35,13.83,12.29,13.120000000000001,13.670000000000002
2022-12-04,13.230000000000002,13.76,14.07,13.01,12.38,13.05,13.589999999999998,13.589999999999998,13.97,12.82,13.45,13.89,12.55,13.250000000000002,13.740000000000002
2022-12-05,13.089999999999998,13.58,13.87,12.9,12.39,12.93,13.4,13.42,13.76,12.76,13.29,13.670000000000002,12.53,13.120000000000001,13.529999999999998
2022-12-06,13.13,13.589999999999998,13.87,12.94,12.47,12.96,13.43,13.44,13.77,12.81,13.310000000000002,13.690000000000001,12.6,13.139999999999999,13.56
2022-12-07,13.099999999999998,13.47,13.599999999999998,12.89,12.43,12.9,13.29,13.34,13.58,12.74,13.230000000000002,13.51,12.55,13.07,13.4
2022-12-08,13.209999999999999,13.47,13.57,13.039999999999997,12.59,13.019999999999998,13.310000000000002,13.37,13.48,12.9,13.28,13.5,12.7,13.149999999999999,13.39
2022-12-09,13.13,13.41,13.44,12.97,12.51,12.96,13.230000000000002,13.32,13.36,12.84,13.240000000000002,13.38,12.64,13.110000000000001,13.29
2022-12-10,12.81,13.120000000000001,13.219999999999999,12.65,12.22,12.66,12.93,13.019999999999998,13.149999999999999,12.51,12.93,13.089999999999998,12.33,12.8,13.0
2022-12-11,12.85,12.91,12.99,12.75,12.4,12.69,12.72,12.84,12.92,12.65,12.78,12.87,12.49,12.71,12.78
2022-12-12,12.58,12.73,12.75,12.5,12.2,12.45,12.55,12.67,12.7,12.42,12.62,12.67,12.28,12.54,12.59
2022-12-13,12.26,12.42,12.41,12.19,11.98,12.14,12.23,12.35,12.4,12.13,12.29,12.35,12.04,12.22,12.28
2022-12-14,12.1,12.15,12.19,12.04,11.85,11.97,12.01,12.1,12.14,11.99,12.1,12.1,11.92,12.04,12.05
2022-12-15,11.85,11.86,11.82,11.79,11.63,11.73,11.67,11.82,11.78,11.74,11.78,11.76,11.69,11.78,11.72
2022-12-16,11.47,11.53,11.47,11.42,11.28,11.36,11.33,11.49,11.42,11.38,11.45,11.41,11.33,11.4,11.4
2022-12-17,11.23,11.25,11.26,11.18,11.06,11.12,11.06,11.25,11.2,11.15,11.21,11.17,11.1,11.16,11.14
2022-12-18,11.0,11.04,10.88,11.0,10.89,10.91,10.71,11.0,10.83,10.97,10.96,10.83,10.93,10.91,10.79
2022-12-19,10.74,10.75,10.43,10.7,10.65,10.62,10.34,10.72,10.39,10.69,10.69,10.47,10.68,10.66,10.41
2022-12-20,10.48,10.49,10.27,10.45,10.36,10.36,10.18,10.47,10.22,10.43,10.44,10.25,10.39,10.41,10.25
2022-12-21,10.33,10.34,10.14,10.29,10.21,10.21,10.05,10.31,10.1,10.26,10.28,10.13,10.23,10.24,10.11
2022-12-22,10.05,10.03,9.91,10.03,9.97,9.91,9.81,10.0,9.87,10.01,9.97,9.88,9.98,9.94,9.85
2022-12-23,9.89,9.92,9.74,9.87,9.82,9.77,9.6,9.85,9.69,9.86,9.83,9.72,9.85,9.8,9.65
2022-12-24,9.88,9.82,9.69,9.85,9.8,9.73,9.6,9.79,9.66,9.83,9.77,9.67,9.81,9.75,9.62
2022-12-25,9.83,9.74,9.6,9.81,9.76,9.67,9.54,9.72,9.57,9.8,9.71,9.59,9.78,9.69,9.56
2022-12-26,9.83,9.72,9.58,9.81,9.77,9.65,9.53,9.7,9.57,9.8,9.68,9.58,9.79,9.67,9.56
2022-12-27,9.89,9.79,9.63,9.87,9.83,9.72,9.58,9.78,9.61,9.87,9.76,9.62,9.86,9.75,9.6
2022-12-28,9.87,9.73,9.59,9.86,9.82,9.67,9.54,9.73,9.57,9.85,9.7,9.57,9.84,9.68,9.55
2022-12-29,9.74,9.62,9.49,9.73,9.68,9.56,9.45,9.62,9.48,9.71,9.59,9.48,9.7,9.58,9.47
2022-12-30,9.95,9.82,9.68,9.94,9.91,9.77,9.63,9.82,9.66,9.93,9.8,9.67,9.92,9.78,9.65
2022-12-31,9.78,9.65,9.54,9.77,9.73,9.6,9.5,9.65,9.53,9.76,9.63,9.53,9.75,9.62,9.51
