Elev_m,Temp_C,TDS_mgl,DO_mgl
174.7896936,24.50055556,34,10.66
173.6914992,24.43388889,34,10.6
172.792644,24.37777778,34,10.54
172.2799704,24.27666667,34,10.46
171.1296552,24.08222222,34,10.35
169.9430688,23.77055556,34,10.28
169.1597328,22.37333333,34,10.23
166.5210792,16.89277778,34,10.19
162.9988104,15.805,34,10.17
160.2812136,15.31333333,34,10.16
156.8497752,14.80833333,34,10.15
153.9355824,14.43944444,34,10.14
151.0582704,13.95111111,34,10.12
147.7188816,13.65055556,34,10.12
147.6198216,13.49,34,10.13
145.1094888,13.31666667,34,10.13
141.9356064,12.82055556,34,10.13
138.60018,12.35055556,35,10.09
135.2659728,11.34388889,35,10.05
132.1835304,10.66888889,35,10.04
129.3156672,10.21055556,35,10.03
126.3597168,9.917777778,35,10
123.43638,9.608888889,35,9.95
120.5782704,9.451666667,37,9.8
117.3336744,9.352777778,38,9.84
114.519456,9.202777778,38,9.84
111.192564,9.088333333,38,9.84
108.1021968,9.032777778,38,9.84
105.1602672,8.961111111,38,9.84
