$,,,,,
,,,,,
Date,SPL_OUT,FKC_OUT,MC_OUT,SJR_OUT,TEST_OUT
35429,0,7.84,0,10.76,1
35430,0,7.84,0,10.76,1
35431,0,7.84,0,10.76,1
35432,0,7.84,0,11.02,1
35433,0,7.84,0,11.19,1
35434,0,7.84,0,11.19,1
35435,0,2.61,0,11.19,1
35436,0,0,0,11.19,1
35437,0,5.24,0,10.93,1
35438,0,7.84,0,10.62,1
35439,0,7.84,0,10.62,1
35440,0,7.84,0,10.62,1
35441,0,7.87,0,10.82,1
35442,0,7.87,0,10.9,1
35443,0,7.87,0,10.9,1
35444,0,7.87,0,11.24,1
35445,0,3.62,0,11.5,1
35446,0,0,0,11.5,1
35447,0,3.28,0,11.5,1
35448,0,7.93,0,11.5,1
35449,0,7.93,0,11.5,1
35450,0,7.93,0,11.5,1
35451,0,2.66,0,11.5,1
35452,0,3.99,0,11.5,1
35453,0,7.99,0,11.5,1
35454,0,2.32,0,11.5,1
35455,0,0,0,11.5,1
35456,0,0,0,11.5,1
35457,0,5.35,0,11.5,1
35458,0,8.04,0,11.5,1
35459,0,8.04,0,11.84,1
35460,0,9.12,0,12.03,1
35461,0,11.07,0,12.03,1
35462,0,13.42,0,14.89,1
35463,0,16.31,0,16.28,1
35464,0,24.35,0,16.28,1
35465,0,28.71,0,13.45,1
35466,0,27.3,0,12.03,1
35467,0,30.67,0,12.03,1
35468,0,30.44,0,12.03,1
35469,0,31.49,0,12.03,1
35470,0,35.31,0,12.03,1
35471,0,37.01,0,12.01,1
35472,0,36.78,0,12.01,1
35473,0,35.74,0,10.59,1
35474,0,30.21,0,9.91,1
35475,0,25.51,0,9.91,1
35476,0,11.19,0,9.91,1
35477,0,13.14,0,9.91,1
35478,0,19.2,0,9.91,1
35479,0,23.36,0,12.74,1
35480,0,24.21,3.99,14.16,1
35481,0,21.75,0,13.88,1
35482,0,18.18,0,10.45,1
35483,0,15.66,0,8.5,1
35484,0,15.66,0,8.5,1
35485,0,15.66,0,8.5,1
35486,0,10.9,0,8.5,1
35487,0,7.5,0,8.5,1
35488,0,2.66,0,8.86,1
35489,0,0,0,9.06,1
35490,0,0,0,8.69,1
35491,0,0,0,8.5,1
35492,0,0,0,8.5,1
35493,0,0,0,8.5,1
35494,0,0,0,8.5,1
35495,0,0,0,8.5,1
35496,0,0,0,8.5,1
35497,0,0,0,8.5,1
35498,0,0,0,8.5,1
35499,0,0,0,8.5,1
35500,0,4.76,0,8.5,1
35501,0,5.3,0,8.5,1
35502,0,0,0,8.5,1
35503,0,0,0,8.5,1
35504,0,0,0,8.5,1
35505,0,0,0,8.5,1
35506,0,0,0,8.5,1
35507,0,0,0,8.5,1
35508,0,0,0,8.5,1
35509,0,0,0,6.94,1
35510,0,0,0,3.74,1
35511,0,3.45,0,7.93,1
35512,0,8.3,0,8.5,1
35513,0,14.61,0,8.5,1
35514,0,21.95,0,8.5,1
35515,0,25.2,0,9.43,1
35516,0,26.05,0,9.91,1
35517,0,23.73,0,9.91,1
35518,0,22.06,0,9.91,1
35519,0,24.3,0,9.91,1
35520,0,33.75,0,9.91,1
35521,0,38.06,0,9.91,1
35522,0,37.38,0,18.75,1
35523,0,33.95,0,13.34,1
35524,0,25.91,0,10.39,1
35525,0,16.91,1.67,9.91,1
35526,0,25.99,2.04,9.91,1
35527,0,40.1,3.82,9.91,1
35528,0,67.25,9.37,9.91,1
35529,0,79.8,17.98,9.91,1
35530,0,87.13,21.44,9.94,1
35531,0,85.77,21.41,9.94,1
35532,0,80.73,21.83,9.91,1
35533,0,84.27,22.77,9.91,1
35534,0,91.07,23.05,9.91,1
35535,0,95.09,22.34,9.91,1
35536,0,98.71,22.74,9.91,1
35537,0,103.72,23.05,9.91,1
35538,0,102.17,23.05,10.36,1
35539,0,99.87,22.96,10.76,1
35540,0,104.6,23.36,10.76,1
35541,0,110.63,25.34,10.76,1
35542,0,117.2,28.4,10.76,1
35543,0,120.23,29,10.76,1
35544,0,119.47,29.39,10.76,1
35545,0,110.32,30.21,10.76,1
35546,0,99.56,28.77,10.76,1
35547,0,93.3,25.68,10.76,1
35548,0,94.18,26.11,11.07,1
35549,0,98.09,28.43,11.27,1
35550,0,97.41,29.56,11.24,1
35551,0,96.28,29.45,11.1,1
35552,0,92.28,28.12,11.04,1
35553,0,86.08,26.65,11.04,1
35554,0,91.86,25.17,10.53,1
35555,0,103.55,25.71,10.19,1
35556,0,110.18,26.87,10.19,1
35557,0,107.69,27.21,10.56,1
35558,0,82.6,25.99,10.76,1
35559,0,53.89,24.44,10.76,1
35560,0,29.79,22.94,11.16,1
35561,0,31.6,21.38,11.33,1
35562,0,40.01,21.38,11.36,1
35563,0,44.71,20.81,11.33,1
35564,0,46.13,20.53,11.04,1
35565,0,45.34,20.53,10.9,1
35566,0,41.82,19.6,10.9,1
35567,0,33.22,17.81,10.9,1
35568,0,36.44,16.82,10.9,1
35569,0,49.75,16.45,10.9,1
35570,0,56.8,17.16,10.9,1
35571,0,58.64,19,10.9,1
35572,0,59.21,21.15,10.9,1
35573,0,50.86,21.72,10.9,1
35574,0,40.44,20.13,10.9,1
35575,0,36.98,18.26,10.9,1
35576,0,44.71,18.72,10.9,1
35577,0,45.79,21.35,10.9,1
35578,0,45.76,21.55,10.9,1
35579,0,46.52,21.21,10.9,1
35580,0,40.75,21.21,10.9,1
35581,0,30.33,20.53,10.9,1
35582,0,32.68,19.57,10.9,1
35583,0,39.13,19.57,10.9,1
35584,0,45,19.99,10.9,1
35585,0,48.28,20.42,10.9,1
35586,0,48.28,20.3,10.9,1
35587,0,44.63,20.56,10.9,1
35588,0,32.05,19.85,10.9,1
35589,0,29.76,19.11,10.9,1
35590,0,43.47,19.4,11.1,1
35591,0,50.55,20.19,11.19,1
35592,0,52.02,21.21,11.19,1
35593,0,49.21,22,11.19,1
35594,0,42.76,22.77,11.19,1
35595,0,30.7,22.46,11.19,1
35596,0,34.07,21.24,11.19,1
35597,0,42.67,20.81,11.36,1
35598,0,50.32,21.78,11.61,1
35599,0,55.61,22.17,11.61,1
35600,0,54.71,22.71,11.61,1
35601,0,46.75,22.4,11.61,1
35602,0,36.78,21.97,11.61,1
35603,0,40.1,22.23,11.89,1
35604,0,50.38,21.86,12.03,1
35605,0,55.98,21.95,12.03,1
35606,0,56.46,22.96,12.01,1
35607,0,55.7,23.59,12.01,1
35608,0,46.38,22.96,12.01,1
35609,0,40.49,22.68,12.01,1
35610,0,49.41,22.48,12.01,1
35611,0,65.21,22.17,12.01,1
35612,0,72.26,22.17,12.01,1
35613,0,77.93,21.97,12.01,1
35614,0,89.88,22.51,12.01,1
35615,0,83.93,23.36,11.98,1
35616,0,112.36,22.88,11.95,1
35617,0,81.44,22.2,11.98,1
35618,0,85.09,22.2,12.23,1
35619,0,85.01,22.14,12.6,1
35620,0,83.39,22.51,12.6,1
35621,0,80.5,23.11,12.57,1
35622,0,71.78,23.05,12.57,1
35623,0,63.09,22.94,12.54,1
35624,0,69.46,22.48,12.57,1
35625,0,80.11,21.75,12.57,1
35626,0,74.22,22.12,12.57,1
35627,0,75.46,22.77,12.54,1
35628,0,78.89,23.39,12.54,1
35629,0,71.33,23.76,12.54,1
35630,0,64.05,22.68,12.54,1
35631,0,69.69,21.69,12.54,1
35632,0,78.49,21.41,12.54,1
35633,0,79.15,21.66,12.4,1
35634,0,79.57,22.14,12.32,1
35635,0,80.76,22.57,12.32,1
35636,0,68.64,23.16,12.32,1
35637,0,69.43,21.97,12.32,1
35638,0,78.47,19.34,12.32,1
35639,0,84.55,16.42,12.32,1
35640,0,86.37,13.45,12.32,1
35641,0,87.64,13.76,12.32,1
35642,0,85.88,14.44,12.29,1
35643,0,74.61,13.08,12.29,1
35644,0,64.22,12.18,12.29,1
35645,0,66.49,12.71,12.29,1
35646,0,76.6,11.61,12.29,1
35647,0,65.67,10.7,12.32,1
35648,0,66.37,11.02,12.32,1
35649,0,72.18,11.02,12.29,1
35650,0,64.05,11.02,12.29,1
35651,0,56.41,9.91,12.29,1
35652,0,57.51,8.35,12.29,1
35653,0,62.5,8.35,12.29,1
35654,0,66.12,8.35,12.29,1
35655,0,67.48,8.35,12.29,1
35656,0,66.88,8.47,12.57,1
35657,0,55.22,8.61,12.91,1
35658,0,36.36,8.33,12.91,1
35659,0,28.8,7.93,12.91,1
35660,0,34.21,8.3,12.91,1
35661,0,39.98,8.5,12.91,1
35662,0,38.77,8.44,12.86,1
35663,0,37.1,8.58,12.86,1
35664,0,31.69,7.96,12.86,1
35665,0,20.7,7.7,12.4,1
35666,0,19.88,7.7,12.15,1
35667,0,28.15,7.16,12.15,1
35668,0,47.35,7.14,12.18,1
35669,0,41.31,7.65,12.18,1
35670,0,42.39,6.88,12.18,1
35671,0,34.6,7.28,12.18,1
35672,0,24.69,7.14,12.18,1
35673,0,23.67,2.04,12.18,1
35674,0,27.18,0,12.18,1
35675,0,31.94,0,12.18,1
35676,0,37.97,0,12.18,1
35677,0,37.52,0,12.18,1
35678,0,31.66,0,12.15,1
35679,0,23.36,0,12.18,1
35680,0,22.77,0,12.18,1
35681,0,28.88,0,12.18,1
35682,0,31.71,0,12.18,1
35683,0,32.76,0,12.18,1
35684,0,33.92,0,12.18,1
35685,0,29.22,0,12.18,1
35686,0,20.22,0,12.18,1
35687,0,21.21,0,12.18,1
35688,0,27.41,0,12.15,1
35689,0,32.08,0,12.15,1
35690,0,33.84,0,12.15,1
35691,0,33.84,0,12.15,1
35692,0,17.36,0,12.15,1
35693,0,13.39,0,11.81,1
35694,0,18.6,0,11.61,1
35695,0,25,0,11.58,1
35696,0,30.84,0,11.58,1
35697,0,32.62,0,11.58,1
35698,0,31.43,0,11.58,1
35699,0,24.04,0,11.21,1
35700,0,18.24,0,11.04,1
35701,0,20.25,0,11.04,1
35702,0,25.57,0,11.04,1
35703,0,26.65,0,11.04,1
35704,0,26.65,0,11.04,1
35705,0,25.97,0,11.04,1
35706,0,21.35,0,11.04,1
35707,0,14.38,0,11.04,1
35708,0,16.14,0,10.76,1
35709,0,19.62,0,10.62,1
35710,0,21.1,0,10.62,1
35711,0,21.1,0,10.62,1
35712,0,22.85,0,10.62,1
35713,0,13.03,0,10.99,1
35714,0,11.44,0,11.19,1
35715,0,16.42,0,11.19,1
35716,0,23.19,0,11.19,1
35717,0,27.41,0,11.19,1
35718,0,28.83,0,11.19,1
35719,0,27.78,0,11.19,1
35720,0,22.85,0,11.19,1
35721,0,16.25,0,11.19,1
35722,0,20.67,0,11.16,1
35723,0,25.88,0,11.19,1
35724,0,27.35,0,11.19,1
35725,0,26.79,0,10.96,1
35726,0,25.23,0,10.62,1
35727,0,19.91,0,10.62,1
35728,0,12.63,0,10.62,1
35729,0,13.9,0,10.62,1
35730,0,18.83,0,10.62,1
35731,0,20.53,0,11.27,1
35732,0,19.99,0,11.61,1
35733,0,18.66,0,11.61,1
35734,0,14.75,0,11.61,1
35735,0,10.62,0,11.61,1
35736,0,11.67,0,11.61,1
35737,0,15.43,0,11.61,1
35738,0,17.81,0,11.61,1
35739,0,16.76,0,11.61,1
35740,0,16.76,0,11.89,1
35741,0,16.37,0,12.32,1
35742,0,11.98,0,12.32,1
35743,0,12.52,0,12.32,1
35744,0,13.65,0,12.32,1
35745,0,14.19,0,12.54,1
35746,0,14.19,0,12.88,1
35747,0,14.19,0,12.88,1
35748,0,12.29,0,12.6,1
35749,0,10.93,0,12.32,1
35750,0,10.93,0,12.32,1
35751,0,10.93,0,12.32,1
35752,0,10.93,0,11.72,1
35753,0,6.37,0,11.47,1
35754,0,0,0,11.47,1
35755,0,0,0,11.47,1
35756,0,0,0,11.47,1
35757,0,6.34,0,11.47,1
35758,0,10.87,0,11.47,1
35759,0,4.08,0,11.47,1
35760,0,0,0,10.96,1
35761,0,0,0,10.62,1
35762,0,3.82,0,10.62,1
35763,0,0.91,0,10.62,1
35764,0,6.31,0,10.99,1
35765,0,8.13,0,11.19,1
35766,0,7.79,0,11.19,1
35767,0,5.95,0,11.19,1
35768,0,5.52,0,11.19,1
35769,0,5.41,0,11.19,1
35770,0,5.41,0,11.19,1
35771,0,5.41,0,11.19,1
35772,0,4.5,0,11.19,1
35773,0,6.91,0,11.19,1
35774,0,7.53,0,11.19,1
35775,0,6.99,0,11.19,1
35776,0,5.01,0,11.19,1
35777,0,5.15,0,11.19,1
35778,0,5.15,0,11.19,1
35779,0,5.15,0,11.19,1
35780,0,5.15,0,11.19,1
35781,0,5.15,0,11.19,1
35782,0,5.15,0,11.19,1
35783,0,6.09,0,11.19,1
35784,0,6.09,0,11.19,1
35785,0,6.09,0,11.19,1
35786,0,6.09,0,11.19,1
35787,0,6.09,0,11.19,1
35788,0,5.64,0,11.19,1
35789,0,5.15,0,11.61,1
35790,0,7.31,0,12.18,1
35791,0,5.32,0,12.18,1
35792,0,4.45,0,12.18,1
35793,0,4.67,0,12.18,1
