JDAY,DLT(s),ELWS(m),T2(C),U(ms-1),Q(m3s-1),SRON(Wm-2),EXT(m-1),DEPTH(m),WIDTH(m),SHADE,Tvolavg(C),NetRad(Wm-2),SWSolar(Wm-2),LWRad(Wm-2),BackRad(Wm-2),EvapF(Wm-2),ConducF(Wm-2),ReaerationCoeff(day-1),
 35564.042,   600.000,   171.728,    20.750,     0.000,     0.000,     0.000,     0.250,    79.228,  2106.080,     1.000,    13.247,  -232.606,     0.000,   285.341,   411.102,    81.318,    25.527,     0.000,
 35564.087,   600.000,   171.737,    20.562,     0.000,     0.000,     0.000,     0.250,    79.237,  2106.080,     1.000,    13.246,  -245.809,     0.000,   279.195,   410.220,    84.891,    29.893,     0.000,
 35564.129,   600.000,   171.743,    20.379,     0.000,     0.000,     0.000,     0.250,    79.243,  2106.080,     1.000,    13.226,  -238.609,     0.000,   276.658,   409.196,    77.138,    28.932,     0.000,
 35564.170,   600.000,   171.749,    20.259,     0.000,     0.000,     0.000,     0.250,    79.249,  2106.080,     1.000,    13.208,  -236.494,     0.000,   276.309,   408.450,    75.141,    29.212,     0.000,
 35564.210,   600.000,   171.755,    20.159,     0.000,     0.000,     0.000,     0.250,    79.255,  2106.080,     1.000,    13.192,  -243.676,     0.000,   270.973,   407.882,    75.248,    31.519,     0.000,
 35564.250,   600.000,   171.760,    20.064,     0.000,     0.000,     0.000,     0.250,    79.260,  2106.080,     1.000,    13.179,  -232.526,     0.000,   275.889,   407.344,    72.664,    28.407,     0.000,
 35564.297,   600.000,   171.767,    19.993,     0.000,     0.000,   124.363,     0.250,    79.267,  2106.080,     1.000,    13.174,   -58.637,   117.324,   303.937,   406.909,    60.077,    12.912,     0.000,
 35564.339,   600.000,   171.772,    19.990,     0.000,     0.000,   311.148,     0.250,    79.272,  2106.080,     1.000,    13.177,   134.716,   293.536,   316.015,   406.853,    60.863,     7.119,     0.000,
 35564.380,   600.000,   171.778,    20.058,     0.000,     0.000,   523.738,     0.250,    79.278,  2106.080,     1.000,    13.171,   374.290,   494.092,   338.260,   407.162,    55.138,    -4.238,     0.000,
 35564.420,   573.447,   171.783,    20.221,     0.000,     0.000,   701.930,     0.250,    79.283,  2106.080,     1.000,    13.185,   579.656,   662.198,   362.238,   408.001,    52.372,   -15.594,     0.000,
 35564.460,   512.322,   171.788,    20.457,     0.000,     0.000,   833.517,     0.250,    79.288,  2106.080,     1.000,    13.229,   720.362,   786.337,   376.194,   409.233,    52.941,   -20.005,     0.000,
 35564.500,   480.398,   171.794,    20.738,     0.000,     0.000,   919.700,     0.250,    79.294,  2106.080,     1.000,    13.280,   792.269,   867.642,   378.694,   410.860,    63.487,   -20.280,     0.000,
 35564.543,   545.424,   171.799,    21.046,     0.000,     0.000,   992.645,     0.250,    79.299,  2106.080,     1.000,    13.307,   866.344,   936.457,   383.715,   412.525,    64.821,   -23.518,     0.000,
 35564.585,   600.000,   171.804,    21.346,     0.000,     0.000,   969.222,     0.250,    79.304,  2106.080,     1.000,    13.325,   873.869,   914.360,   404.796,   414.171,    62.983,   -31.867,     0.000,
 35564.630,   585.661,   171.810,    21.628,     0.000,     0.000,   864.742,     0.250,    79.310,  2106.080,     1.000,    13.335,   794.433,   815.794,   421.132,   415.878,    64.283,   -37.667,     0.000,
 35564.668,   444.098,   171.814,    21.784,     0.000,     0.000,   725.437,     0.250,    79.314,  2106.080,     1.000,    13.326,   645.543,   684.375,   415.156,   416.817,    71.701,   -34.530,     0.000,
 35564.709,   441.897,   171.819,    21.892,     0.000,     0.000,   529.114,     0.250,    79.319,  2106.080,     1.000,    13.319,   470.430,   499.164,   421.513,   417.461,    68.528,   -35.742,     0.000,
 35564.753,   535.604,   171.824,    21.930,     0.000,     0.000,   309.103,     0.250,    79.324,  2106.080,     1.000,    13.327,   201.681,   291.607,   387.719,   417.755,    81.501,   -21.611,     0.000,
 35564.794,   599.388,   171.829,    21.851,     0.000,     0.000,   122.188,     0.250,    79.329,  2106.080,     1.000,    13.333,   -34.260,   115.272,   353.421,   417.418,    91.692,    -6.157,     0.000,
 35564.834,   556.481,   171.833,    21.668,     0.000,     0.000,     2.726,     0.250,    79.333,  2106.080,     1.000,    13.325,  -177.112,     2.572,   330.965,   416.457,    89.445,     4.746,     0.000,
 35564.880,   577.636,   171.838,    21.441,     0.000,     0.000,     0.000,     0.250,    79.338,  2106.080,     1.000,    13.320,  -205.516,     0.000,   310.837,   415.151,    86.705,    14.498,     0.000,
 35564.918,   489.236,   171.842,    21.234,     0.000,     0.000,     0.000,     0.250,    79.342,  2106.080,     1.000,    13.324,  -255.371,     0.000,   303.210,   414.030,   118.939,    25.611,     0.000,
 35564.963,   591.252,   171.847,    20.984,     0.000,     0.000,     0.000,     0.250,    79.347,  2106.080,     1.000,    13.344,  -218.505,     0.000,   299.476,   412.602,    86.014,    19.364,     0.000,
 35565.000,   410.617,   171.851,    20.817,     0.000,     0.000,     0.000,     0.250,    79.351,  2106.080,     1.000,    13.365,  -221.856,     0.000,   294.181,   411.584,    81.744,    22.710,     0.000,
 35565.046,   573.904,   171.856,    20.644,     0.000,     0.000,     0.000,     0.250,    79.356,  2106.080,     1.000,    13.396,  -229.596,     0.000,   288.126,   410.637,    80.889,    26.195,     0.000,
 35565.084,   409.931,   171.860,    20.509,     0.000,     0.000,     0.000,     0.250,    79.360,  2106.080,     1.000,    13.402,  -203.745,     0.000,   299.616,   409.839,    73.313,    20.210,     0.000,
 35565.129,   527.387,   171.865,    20.349,     0.000,     0.000,     0.000,     0.250,    79.365,  2106.080,     1.000,    13.387,  -223.434,     0.000,   288.933,   408.979,    77.275,    26.113,     0.000,
 35565.169,   558.098,   171.869,    20.223,     0.000,     0.000,     0.000,     0.250,    79.369,  2106.080,     1.000,    13.355,  -238.263,     0.000,   280.446,   408.193,    79.417,    31.099,     0.000,
 35565.210,   600.000,   171.873,    20.163,     0.000,     0.000,     0.000,     0.250,    79.373,  2106.080,     1.000,    13.309,  -231.887,     0.000,   283.098,   407.867,    76.792,    30.325,     0.000,
 35565.250,   600.000,   171.877,    20.106,     0.000,     0.000,     0.000,     0.250,    79.377,  2106.080,     1.000,    13.264,  -210.388,     0.000,   293.968,   407.551,    71.711,    25.095,     0.000,
 35565.296,   560.897,   171.882,    20.057,     0.000,     0.000,   101.799,     0.250,    79.382,  2106.080,     1.000,    13.227,   -98.071,    96.037,   304.394,   407.267,    70.167,    21.068,     0.000,
 35565.336,   600.000,   171.887,    20.044,     0.000,     0.000,   237.750,     0.250,    79.387,  2106.080,     1.000,    13.205,    52.749,   224.293,   317.284,   407.165,    66.962,    14.700,     0.000,
 35565.380,   600.000,   171.892,    20.075,     0.000,     0.000,   397.448,     0.250,    79.392,  2106.080,     1.000,    13.212,   248.526,   374.951,   345.575,   407.288,    62.543,     2.169,     0.000,
 35565.420,   554.487,   171.896,    20.172,     0.000,     0.000,   514.167,     0.250,    79.396,  2106.080,     1.000,    13.243,   386.219,   485.063,   366.031,   407.781,    63.040,    -5.946,     0.000,
 35565.460,   482.990,   171.901,    20.310,     0.000,     0.000,   591.777,     0.250,    79.401,  2106.080,     1.000,    13.266,   472.928,   558.280,   378.911,   408.561,    65.686,    -9.984,     0.000,
 35565.500,   573.689,   171.905,    20.464,     0.000,     0.000,   619.434,     0.250,    79.405,  2106.080,     1.000,    13.274,   517.939,   584.371,   395.102,   409.449,    67.247,   -15.163,     0.000,
 35565.545,   559.284,   171.911,    20.669,     0.000,     0.000,   755.695,     0.250,    79.411,  2106.080,     1.000,    13.295,   626.924,   712.920,   381.427,   410.475,    70.375,   -13.426,     0.000,
 35565.588,   539.914,   171.916,    20.880,     0.000,     0.000,   737.072,     0.250,    79.416,  2106.080,     1.000,    13.329,   617.327,   695.351,   390.118,   411.665,    73.270,   -16.793,     0.000,
 35565.628,   556.776,   171.921,    21.057,     0.000,     0.000,   672.595,     0.250,    79.421,  2106.080,     1.000,    13.364,   556.688,   634.523,   392.550,   412.671,    74.665,   -16.950,     0.000,
 35565.669,   600.000,   171.926,    21.210,     0.000,     0.000,   569.278,     0.250,    79.426,  2106.080,     1.000,    13.396,   462.237,   537.054,   398.411,   413.559,    79.993,   -20.323,     0.000,
 35565.709,   597.975,   171.930,    21.300,     0.000,     0.000,   427.896,     0.250,    79.430,  2106.080,     1.000,    13.404,   337.866,   403.676,   402.705,   414.117,    75.789,   -21.392,     0.000,
 35565.753,   529.739,   171.936,    21.326,     0.000,     0.000,   248.571,     0.250,    79.436,  2106.080,     1.000,    13.401,   106.582,   234.501,   370.477,   414.360,    92.385,    -8.350,     0.000,
 35565.794,   570.060,   171.941,    21.217,     0.000,     0.000,    99.434,     0.250,    79.441,  2106.080,     1.000,    13.372,   -79.283,    93.806,   342.265,   413.842,    96.543,     4.969,     0.000,
 35565.835,   553.216,   171.946,    21.059,     0.000,     0.000,     1.536,     0.250,    79.446,  2106.080,     1.000,    13.346,  -200.909,     1.449,   318.446,   412.962,    92.398,    15.443,     0.000,
 35565.875,   495.044,   171.951,    20.916,     0.000,     0.000,     0.000,     0.250,    79.451,  2106.080,     1.000,    13.360,  -202.708,     0.000,   314.126,   412.141,    88.162,    16.531,     0.000,
 35565.920,   600.000,   171.956,    20.773,     0.000,     0.000,     0.000,     0.250,    79.456,  2106.080,     1.000,    13.397,  -215.564,     0.000,   304.513,   411.304,    88.236,    20.537,     0.000,
 35565.964,   600.000,   171.962,    20.621,     0.000,     0.000,     0.000,     0.250,    79.462,  2106.080,     1.000,    13.410,  -215.428,     0.000,   300.167,   410.514,    84.921,    20.161,     0.000,
 35566.000,   600.000,   171.967,    20.498,     0.000,     0.000,     0.000,     0.250,    79.467,  2106.080,     1.000,    13.410,  -230.110,     0.000,   289.546,   409.769,    83.370,    26.517,     0.000,
 35566.047,   600.000,   171.973,    20.372,     0.000,     0.000,     0.000,     0.250,    79.473,  2106.080,     1.000,    13.396,  -238.081,     0.000,   284.352,   409.069,    83.609,    29.755,     0.000,
 35566.086,   539.485,   171.978,    20.316,     0.000,     0.000,     0.000,     0.250,    79.478,  2106.080,     1.000,    13.368,  -245.426,     0.000,   277.166,   408.733,    81.421,    32.438,     0.000,
 35566.126,   600.000,   171.983,    20.256,     0.000,     0.000,     0.000,     0.250,    79.483,  2106.080,     1.000,    13.336,  -246.073,     0.000,   276.709,   408.402,    81.493,    32.888,     0.000,
 35566.170,   571.166,   171.989,    20.187,     0.000,     0.000,     0.000,     0.250,    79.489,  2106.080,     1.000,    13.301,  -257.991,     0.000,   270.464,   408.009,    84.232,    36.213,     0.000,
 35566.210,   589.207,   171.994,    20.127,     0.000,     0.000,     0.000,     0.250,    79.494,  2106.080,     1.000,    13.283,  -256.616,     0.000,   269.107,   407.681,    81.527,    36.515,     0.000,
 35566.250,   600.000,   172.000,    20.077,     0.000,     0.000,     0.000,     0.250,    79.500,  2106.080,     1.000,    13.284,  -242.696,     0.000,   274.150,   407.385,    77.241,    32.221,     0.000,
 35566.296,   556.791,   172.006,    20.035,     0.000,     0.000,   120.760,     0.250,    79.506,  2106.080,     1.000,    13.285,   -86.381,   113.925,   297.802,   407.138,    70.981,    19.988,     0.000,
 35566.334,   507.541,   172.011,    20.027,     0.000,     0.000,   284.619,     0.250,    79.511,  2106.080,     1.000,    13.267,    96.812,   268.509,   313.664,   407.067,    67.505,    10.789,     0.000,
 35566.378,   528.479,   172.017,    20.086,     0.000,     0.000,   495.390,     0.250,    79.517,  2106.080,     1.000,    13.248,   362.173,   467.349,   348.538,   407.320,    54.115,    -7.721,     0.000,
 35566.420,   600.000,   172.023,    20.231,     0.000,     0.000,   683.549,     0.250,    79.523,  2106.080,     1.000,    13.259,   553.582,   644.858,   362.620,   408.071,    60.350,   -14.525,     0.000,
 35566.460,   600.000,   172.029,    20.425,     0.000,     0.000,   825.984,     0.250,    79.529,  2106.080,     1.000,    13.301,   703.206,   779.230,   374.007,   409.124,    59.260,   -18.353,     0.000,
 35566.500,   490.934,   172.035,    20.665,     0.000,     0.000,   918.956,     0.250,    79.535,  2106.080,     1.000,    13.370,   788.699,   866.940,   382.941,   410.533,    76.608,   -25.959,     0.000,
 35566.547,   545.981,   172.042,    20.982,     0.000,     0.000,   997.083,     0.250,    79.542,  2106.080,     1.000,    13.441,   861.087,   940.644,   381.935,   412.175,    72.831,   -23.513,     0.000,
 35566.585,   419.693,   172.048,    21.233,     0.000,     0.000,   968.550,     0.250,    79.548,  2106.080,     1.000,    13.454,   842.939,   913.726,   388.972,   413.628,    70.900,   -24.769,     0.000,
 35566.630,   472.093,   172.055,    21.498,     0.000,     0.000,   868.187,     0.250,    79.555,  2106.080,     1.000,    13.466,   772.442,   819.044,   406.381,   415.146,    70.827,   -32.990,     0.000,
 35566.669,   600.000,   172.061,    21.680,     0.000,     0.000,   730.742,     0.250,    79.561,  2106.080,     1.000,    13.481,   633.633,   689.379,   405.085,   416.184,    75.625,   -30.978,     0.000,
 35566.710,   548.731,   172.067,    21.784,     0.000,     0.000,   518.867,     0.250,    79.567,  2106.080,     1.000,    13.482,   411.753,   489.497,   392.064,   416.897,    76.947,   -24.035,     0.000,
 35566.753,   586.746,   172.074,    21.800,     0.000,     0.000,   314.125,     0.250,    79.574,  2106.080,     1.000,    13.474,   177.738,   296.345,   369.378,   417.035,    85.600,   -14.651,     0.000,
 35566.796,   437.424,   172.081,    21.711,     0.000,     0.000,   112.327,     0.250,    79.581,  2106.080,     1.000,    13.482,   -44.803,   105.969,   346.431,   416.577,    84.399,    -3.773,     0.000,
 35566.836,   600.000,   172.087,    21.577,     0.000,     0.000,     1.767,     0.250,    79.587,  2106.080,     1.000,    13.499,  -173.428,     1.667,   328.362,   415.885,    82.813,     4.759,     0.000,
 35566.880,   600.000,   172.094,    21.417,     0.000,     0.000,     0.000,     0.250,    79.594,  2106.080,     1.000,    13.493,  -189.441,     0.000,   317.313,   414.963,    81.997,     9.794,     0.000,
 35566.920,   532.421,   172.101,    21.271,     0.000,     0.000,     0.000,     0.250,    79.601,  2106.080,     1.000,    13.462,  -200.602,     0.000,   307.451,   414.149,    79.446,    14.458,     0.000,
 35566.960,   600.000,   172.107,    21.125,     0.000,     0.000,     0.000,     0.250,    79.607,  2106.080,     1.000,    13.442,  -229.058,     0.000,   295.309,   413.343,    87.563,    23.460,     0.000,
 35567.000,   582.687,   172.114,    20.995,     0.000,     0.000,     0.000,     0.250,    79.614,  2106.080,     1.000,    13.459,  -220.813,     0.000,   293.997,   412.575,    80.768,    21.467,     0.000,
 35567.047,   600.000,   172.122,    20.867,     0.000,     0.000,     0.000,     0.250,    79.622,  2106.080,     1.000,    13.494,  -224.246,     0.000,   289.017,   411.868,    78.154,    23.241,     0.000,
 35567.086,   546.152,   172.128,    20.749,     0.000,     0.000,     0.000,     0.250,    79.628,  2106.080,     1.000,    13.487,  -227.837,     0.000,   285.818,   411.201,    77.063,    25.390,     0.000,
 35567.125,   600.000,   172.135,    20.622,     0.000,     0.000,     0.000,     0.250,    79.635,  2106.080,     1.000,    13.454,  -227.538,     0.000,   283.441,   410.501,    74.659,    25.819,     0.000,
 35567.170,   424.569,   172.142,    20.480,     0.000,     0.000,     0.000,     0.250,    79.642,  2106.080,     1.000,    13.424,  -242.394,     0.000,   274.233,   409.672,    76.415,    30.540,     0.000,
 35567.209,   418.732,   172.149,    20.387,     0.000,     0.000,     0.000,     0.250,    79.649,  2106.080,     1.000,    13.407,  -240.765,     0.000,   273.350,   409.119,    74.154,    30.841,     0.000,
 35567.250,   379.367,   172.155,    20.332,     0.000,     0.000,     2.343,     0.250,    79.655,  2106.080,     1.000,    13.388,  -227.098,     2.210,   279.544,   408.789,    72.143,    27.921,     0.000,
 35567.296,   473.369,   172.163,    20.290,     0.000,     0.000,   129.683,     0.250,    79.663,  2106.080,     1.000,    13.367,   -56.448,   122.342,   304.051,   408.551,    60.401,    13.890,     0.000,
 35567.338,   592.340,   172.169,    20.301,     0.000,     0.000,   312.670,     0.250,    79.669,  2106.080,     1.000,    13.375,   184.461,   294.972,   337.111,   408.558,    41.725,    -2.661,     0.000,
 35567.376,   473.267,   172.176,    20.386,     0.000,     0.000,   510.982,     0.250,    79.676,  2106.080,     1.000,    13.401,   414.755,   482.059,   363.796,   408.988,    36.848,   -14.737,     0.000,
 35567.418,   427.144,   172.183,    20.549,     0.000,     0.000,   701.824,     0.250,    79.683,  2106.080,     1.000,    13.435,   591.215,   662.098,   373.177,   409.868,    55.542,   -21.351,     0.000,
 35567.460,   438.864,   172.189,    20.747,     0.000,     0.000,   846.954,     0.250,    79.689,  2106.080,     1.000,    13.454,   729.288,   799.013,   378.216,   411.007,    57.231,   -20.296,     0.000,
 35567.500,   471.069,   172.196,    20.977,     0.000,     0.000,   925.938,     0.250,    79.696,  2106.080,     1.000,    13.488,   822.838,   873.526,   391.343,   412.334,    54.007,   -24.309,     0.000,
 35567.544,   484.916,   172.203,    21.273,     0.000,     0.000,   997.461,     0.250,    79.703,  2106.080,     1.000,    13.544,   901.348,   941.001,   400.298,   413.803,    55.943,   -29.794,     0.000,
 35567.584,   509.486,   172.210,    21.562,     0.000,     0.000,   972.838,     0.250,    79.710,  2106.080,     1.000,    13.589,   894.439,   917.772,   413.684,   415.437,    56.439,   -34.860,     0.000,
 35567.629,   444.373,   172.217,    21.888,     0.000,     0.000,   872.598,     0.250,    79.717,  2106.080,     1.000,    13.623,   820.672,   823.206,   429.472,   417.307,    58.535,   -43.837,     0.000,
 35567.669,   460.513,   172.223,    22.114,     0.000,     0.000,   727.228,     0.250,    79.723,  2106.080,     1.000,    13.609,   664.410,   686.064,   423.740,   418.648,    63.221,   -36.474,     0.000,
 35567.710,   414.858,   172.230,    22.278,     0.000,     0.000,   519.087,     0.250,    79.730,  2106.080,     1.000,    13.595,   451.314,   489.705,   413.781,   419.676,    64.740,   -32.244,     0.000,
 35567.750,   315.217,   172.236,    22.362,     0.000,     0.000,   317.618,     0.250,    79.736,  2106.080,     1.000,    13.591,   216.522,   299.639,   390.561,   420.180,    77.146,   -23.648,     0.000,
 35567.792,   310.337,   172.242,    22.336,     0.000,     0.000,   127.120,     0.250,    79.742,  2106.080,     1.000,    13.570,   -11.958,   119.924,   362.324,   420.088,    83.932,    -9.814,     0.000,
 35567.836,   454.028,   172.249,    22.227,     0.000,     0.000,     0.000,     0.250,    79.749,  2106.080,     1.000,    13.549,  -152.599,     0.000,   344.873,   419.499,    79.156,    -1.183,     0.000,
 35567.880,   600.000,   172.256,    22.126,     0.000,     0.000,     0.000,     0.250,    79.756,  2106.080,     1.000,    13.569,  -162.760,     0.000,   335.709,   418.916,    76.617,     2.936,     0.000,
 35567.920,   509.709,   172.263,    22.048,     0.000,     0.000,     0.000,     0.250,    79.763,  2106.080,     1.000,    13.603,  -187.064,     0.000,   325.057,   418.469,    84.783,     8.870,     0.000,
 35567.961,   411.319,   172.269,    21.964,     0.000,     0.000,     0.000,     0.250,    79.769,  2106.080,     1.000,    13.637,  -210.938,     0.000,   308.063,   417.990,    84.204,    16.807,     0.000,
 35568.000,   408.147,   172.275,    21.877,     0.000,     0.000,     0.000,     0.250,    79.775,  2106.080,     1.000,    13.647,  -206.368,     0.000,   305.533,   417.484,    76.906,    17.511,     0.000,
 35568.045,   478.881,   172.282,    21.780,     0.000,     0.000,     0.000,     0.250,    79.782,  2106.080,     1.000,    13.643,  -192.420,     0.000,   309.549,   416.957,    69.828,    15.183,     0.000,
 35568.085,   441.081,   172.288,    21.695,     0.000,     0.000,     0.000,     0.250,    79.788,  2106.080,     1.000,    13.654,  -193.139,     0.000,   309.694,   416.480,    71.035,    15.318,     0.000,
 35568.129,   362.396,   172.295,    21.585,     0.000,     0.000,     0.000,     0.250,    79.795,  2106.080,     1.000,    13.636,  -225.461,     0.000,   291.297,   415.855,    76.445,    24.458,     0.000,
 35568.169,   373.590,   172.300,    21.462,     0.000,     0.000,     0.000,     0.250,    79.800,  2106.080,     1.000,    13.574,  -239.607,     0.000,   283.487,   415.170,    78.852,    29.072,     0.000,
 35568.210,   515.892,   172.306,    21.333,     0.000,     0.000,     0.000,     0.250,    79.806,  2106.080,     1.000,    13.509,  -235.201,     0.000,   282.824,   414.470,    75.011,    28.543,     0.000,
 35568.250,   509.367,   172.311,    21.221,     0.000,     0.000,     0.491,     0.250,    79.811,  2106.080,     1.000,    13.480,  -194.377,     0.463,   300.952,   413.811,    63.251,    18.730,     0.000,
 35568.295,   380.141,   172.317,    21.134,     0.000,     0.000,   132.102,     0.250,    79.817,  2106.080,     1.000,    13.471,   -62.090,   124.625,   303.633,   413.291,    60.353,    16.705,     0.000,
 35568.336,   320.555,   172.323,    21.123,     0.000,     0.000,   324.580,     0.250,    79.823,  2106.080,     1.000,    13.462,   182.755,   306.208,   334.799,   413.179,    44.107,     0.965,     0.000,
 35568.376,   332.806,   172.328,    21.196,     0.000,     0.000,   521.217,     0.250,    79.828,  2106.080,     1.000,    13.467,   423.104,   491.714,   366.218,   413.542,    34.694,   -13.407,     0.000,
 35568.420,   586.636,   172.333,    21.357,     0.000,     0.000,   710.629,     0.250,    79.833,  2106.080,     1.000,    13.516,   625.098,   670.405,   387.542,   414.368,    41.951,   -23.471,     0.000,
 35568.460,   512.762,   172.338,    21.557,     0.000,     0.000,   857.857,     0.250,    79.838,  2106.080,     1.000,    13.593,   784.750,   809.299,   407.262,   415.579,    46.699,   -30.467,     0.000,
 35568.500,   312.093,   172.343,    21.785,     0.000,     0.000,   935.525,     0.250,    79.843,  2106.080,     1.000,    13.645,   870.782,   882.571,   421.582,   416.877,    51.018,   -34.523,     0.000,
 35568.542,   317.351,   172.348,    22.039,     0.000,     0.000,   999.642,     0.250,    79.848,  2106.080,     1.000,    13.664,   917.383,   943.059,   417.871,   418.248,    59.183,   -33.884,     0.000,
 35568.585,   416.982,   172.353,    22.298,     0.000,     0.000,   970.369,     0.250,    79.853,  2106.080,     1.000,    13.685,   884.856,   915.442,   424.777,   419.688,    79.255,   -43.580,     0.000,
 35568.626,   423.642,   172.357,    22.495,     0.000,     0.000,   881.559,     0.250,    79.857,  2106.080,     1.000,    13.682,   794.639,   831.659,   426.864,   420.848,    81.464,   -38.428,     0.000,
 35568.668,   179.100,   172.361,    22.675,     0.000,     0.000,   720.937,     0.250,    79.861,  2106.080,     1.000,    13.665,   636.632,   680.129,   426.912,   421.898,    84.933,   -36.422,     0.000,
 35568.709,   170.860,   172.365,    22.910,     0.000,     0.000,   520.823,     0.250,    79.865,  2106.080,     1.000,    13.648,   421.702,   491.343,   414.090,   423.284,    91.996,   -31.549,     0.000,
 35568.752,   170.956,   172.369,    22.986,     0.000,     0.000,   303.368,     0.250,    79.869,  2106.080,     1.000,    13.629,   173.701,   286.196,   388.713,   423.749,    96.140,   -18.681,     0.000,
 35568.793,   170.913,   172.373,    22.940,     0.000,     0.000,   116.762,     0.250,    79.873,  2106.080,     1.000,    13.632,   -45.049,   110.153,   360.280,   423.517,    97.951,    -5.987,     0.000,
 35568.834,   170.401,   172.377,    22.783,     0.000,     0.000,     0.000,     0.250,    79.877,  2106.080,     1.000,    13.648,  -187.149,     0.000,   338.339,   422.645,    98.878,     3.965,     0.000,
 35568.876,   155.915,   172.380,    22.523,     0.000,     0.000,     0.000,     0.250,    79.880,  2106.080,     1.000,    13.663,  -229.151,     0.000,   318.826,   421.177,   111.614,    15.188,     0.000,
 35568.918,   156.562,   172.384,    22.255,     0.000,     0.000,     0.000,     0.250,    79.884,  2106.080,     1.000,    13.672,  -227.351,     0.000,   306.965,   419.644,    95.902,    18.769,     0.000,
 35568.958,   172.463,   172.387,    22.072,     0.000,     0.000,     0.000,     0.250,    79.887,  2106.080,     1.000,    13.666,  -207.564,     0.000,   311.005,   418.582,    84.297,    15.689,     0.000,
 35569.000,   156.714,   172.390,    21.933,     0.000,     0.000,     0.000,     0.250,    79.890,  2106.080,     1.000,    13.642,  -246.175,     0.000,   290.526,   417.799,    92.893,    26.010,     0.000,
 35569.042,   166.588,   172.394,    21.782,     0.000,     0.000,     0.000,     0.250,    79.894,  2106.080,     1.000,    13.618,  -273.568,     0.000,   276.243,   416.944,    98.325,    34.543,     0.000,
 35569.084,   173.756,   172.397,    21.635,     0.000,     0.000,     0.000,     0.250,    79.897,  2106.080,     1.000,    13.614,  -280.933,     0.000,   270.199,   416.108,    97.261,    37.763,     0.000,
 35569.125,   173.516,   172.400,    21.512,     0.000,     0.000,     0.000,     0.250,    79.900,  2106.080,     1.000,    13.629,  -271.164,     0.000,   273.048,   415.412,    93.025,    35.775,     0.000,
 35569.167,   173.830,   172.403,    21.382,     0.000,     0.000,     0.000,     0.250,    79.903,  2106.080,     1.000,    13.602,  -280.861,     0.000,   265.323,   414.682,    92.367,    39.134,     0.000,
 35569.209,   174.101,   172.405,    21.249,     0.000,     0.000,     0.000,     0.250,    79.905,  2106.080,     1.000,    13.559,  -272.736,     0.000,   267.471,   413.931,    88.758,    37.518,     0.000,
 35569.250,   149.275,   172.408,    21.128,     0.000,     0.000,     6.434,     0.250,    79.908,  2106.080,     1.000,    13.546,  -247.870,     6.069,   277.171,   413.253,    85.339,    32.519,     0.000,
 35569.292,   155.294,   172.410,    21.028,     0.000,     0.000,   131.321,     0.250,    79.910,  2106.080,     1.000,    13.550,  -108.297,   123.888,   291.253,   412.680,    85.264,    25.494,     0.000,
 35569.334,   158.672,   172.413,    20.993,     0.000,     0.000,   319.017,     0.250,    79.913,  2106.080,     1.000,    13.555,   128.897,   300.959,   321.359,   412.461,    72.354,     8.607,     0.000,
 35569.375,   158.830,   172.415,    21.074,     0.000,     0.000,   518.330,     0.250,    79.915,  2106.080,     1.000,    13.575,   374.355,   488.990,   350.022,   412.882,    57.231,    -5.455,     0.000,
 35569.417,   158.952,   172.418,    21.281,     0.000,     0.000,   699.879,     0.250,    79.918,  2106.080,     1.000,    13.582,   558.269,   660.263,   365.872,   414.027,    65.888,   -12.048,     0.000,
 35569.460,   175.079,   172.420,    21.567,     0.000,     0.000,   834.813,     0.250,    79.920,  2106.080,     1.000,    13.588,   708.510,   787.559,   383.753,   415.610,    65.675,   -18.483,     0.000,
 35569.500,   175.083,   172.422,    21.884,     0.000,     0.000,   907.836,     0.250,    79.922,  2106.080,     1.000,    13.612,   770.511,   856.449,   389.428,   417.433,    78.903,   -20.970,     0.000,
 35569.542,   175.266,   172.424,    22.255,     0.000,     0.000,  1000.118,     0.250,    79.924,  2106.080,     1.000,    13.630,   854.422,   943.508,   389.662,   419.496,    80.812,   -21.561,     0.000,
 35569.583,   177.411,   172.426,    22.610,     0.000,     0.000,   970.975,     0.250,    79.926,  2106.080,     1.000,    13.628,   825.458,   916.014,   394.453,   421.519,    85.844,   -22.354,     0.000,
 35569.626,   175.581,   172.428,    22.922,     0.000,     0.000,   875.890,     0.250,    79.928,  2106.080,     1.000,    13.652,   737.222,   826.312,   402.916,   423.321,    95.004,   -26.319,     0.000,
 35569.667,   175.717,   172.429,    23.160,     0.000,     0.000,   725.680,     0.250,    79.929,  2106.080,     1.000,    13.707,   597.570,   684.604,   408.215,   424.709,    97.596,   -27.056,     0.000,
 35569.709,   175.858,   172.431,    23.249,     0.000,     0.000,   523.039,     0.250,    79.931,  2106.080,     1.000,    13.744,   366.673,   493.433,   384.486,   425.261,   102.178,   -16.193,     0.000,
 35569.751,   176.007,   172.432,    23.189,     0.000,     0.000,   308.187,     0.250,    79.932,  2106.080,     1.000,    13.735,   147.195,   290.742,   373.187,   424.948,   102.966,   -11.179,     0.000,
 35569.792,   160.109,   172.434,    23.028,     0.000,     0.000,   121.270,     0.250,    79.934,  2106.080,     1.000,    13.702,   -88.637,   114.405,   340.615,   424.051,   115.425,     4.182,     0.000,
 35569.834,   176.490,   172.435,    22.743,     0.000,     0.000,     0.066,     0.250,    79.935,  2106.080,     1.000,    13.671,  -234.513,     0.062,   311.233,   422.452,   104.920,    18.435,     0.000,
 35569.876,   160.546,   172.436,    22.398,     0.000,     0.000,     0.000,     0.250,    79.936,  2106.080,     1.000,    13.649,  -252.789,     0.000,   303.706,   420.486,   111.498,    24.511,     0.000,
 35569.917,   161.256,   172.437,    22.066,     0.000,     0.000,     0.000,     0.250,    79.937,  2106.080,     1.000,    13.625,  -245.728,     0.000,   294.573,   418.579,    95.980,    25.741,     0.000,
 35569.960,   160.693,   172.438,    21.809,     0.000,     0.000,     0.000,     0.250,    79.938,  2106.080,     1.000,    13.617,  -231.664,     0.000,   297.783,   417.117,    90.553,    21.777,     0.000,
